method,trial,seed,energy,cut,gap,relative_error,ground_hit,target_hit,best_replica,runtime_sec
qefem,0,3494023143,-2032.0,,16.0,0.0078125,False,,3442,158.20082574998378
lqa,0,3494023143,-1986.0,,62.0,0.0302734375,False,,0,0.12063079100335017
qefem,1,1077125151,-2032.0,,16.0,0.0078125,False,,5477,151.8709336250031
lqa,1,1077125151,-2008.0,,40.0,0.01953125,False,,0,0.11736054200446233
qefem,2,3170439463,-2032.0,,16.0,0.0078125,False,,1978,151.30221866699867
lqa,2,3170439463,-1988.0,,60.0,0.029296875,False,,0,0.11866987499524839
qefem,3,2311181387,-2034.0,,14.0,0.0068359375,False,,2709,151.60096574999625
lqa,3,2311181387,-1974.0,,74.0,0.0361328125,False,,0,0.11832320899702609
qefem,4,3193820799,-2034.0,,14.0,0.0068359375,False,,2656,151.1983917079924
lqa,4,3193820799,-1988.0,,60.0,0.029296875,False,,0,0.1198560000048019
qefem,5,2937896981,-2034.0,,14.0,0.0068359375,False,,7253,151.72164679100388
lqa,5,2937896981,-1984.0,,64.0,0.03125,False,,0,0.12295587500557303
qefem,6,2487197163,-2034.0,,14.0,0.0068359375,False,,3445,151.4917407920002
lqa,6,2487197163,-2004.0,,44.0,0.021484375,False,,0,0.11751345798256807
qefem,7,1456945886,-2034.0,,14.0,0.0068359375,False,,3173,170.37543175002793
lqa,7,1456945886,-1988.0,,60.0,0.029296875,False,,0,0.12495795800350606
qefem,8,331696215,-2032.0,,16.0,0.0078125,False,,4796,158.59658362501068
lqa,8,331696215,-1982.0,,66.0,0.0322265625,False,,0,0.11596958400332369
qefem,9,3635314792,-2032.0,,16.0,0.0078125,False,,2597,151.54230545900646
lqa,9,3635314792,-2004.0,,44.0,0.021484375,False,,0,0.11642558299354278
qefem,0,3454116278,-1978.0,,10.0,0.005030181086519115,False,,2827,166.3480736670026
lqa,0,3454116278,-1942.0,,46.0,0.023138832997987926,False,,0,0.1197467079909984
qefem,1,2469137728,-1976.0,,12.0,0.006036217303822937,False,,722,175.59926758302026
lqa,1,2469137728,-1930.0,,58.0,0.029175050301810865,False,,0,0.12037733400939032
qefem,2,1962915497,-1976.0,,12.0,0.006036217303822937,False,,1296,163.3600054999988
lqa,2,1962915497,-1932.0,,56.0,0.028169014084507043,False,,0,0.12070500000845641
qefem,3,2577650513,-1976.0,,12.0,0.006036217303822937,False,,942,162.98421145800967
lqa,3,2577650513,-1950.0,,38.0,0.019114688128772636,False,,0,0.11879908398259431
qefem,4,3734492368,-1976.0,,12.0,0.006036217303822937,False,,3590,163.413759957999
lqa,4,3734492368,-1952.0,,36.0,0.018108651911468814,False,,0,0.11941637500422075
qefem,5,3046483249,-1976.0,,12.0,0.006036217303822937,False,,1650,162.65606566600036
lqa,5,3046483249,-1936.0,,52.0,0.026156941649899398,False,,0,0.11801962499157526
qefem,6,3339915991,-1976.0,,12.0,0.006036217303822937,False,,40,162.6838355420041
lqa,6,3339915991,-1946.0,,42.0,0.02112676056338028,False,,0,0.1213202080107294
qefem,7,3663455289,-1976.0,,12.0,0.006036217303822937,False,,2729,162.42872108399752
lqa,7,3663455289,-1948.0,,40.0,0.02012072434607646,False,,0,0.12010150001151487
qefem,8,431971488,-1976.0,,12.0,0.006036217303822937,False,,91,161.81363224997767
lqa,8,431971488,-1942.0,,46.0,0.023138832997987926,False,,0,0.11699645800399594
qefem,9,3976079582,-1976.0,,12.0,0.006036217303822937,False,,7852,161.53855379199376
lqa,9,3976079582,-1934.0,,54.0,0.02716297786720322,False,,0,0.11981737497262657
qefem,0,2334942414,-1935.0,,10.0,0.005141388174807198,False,,4055,160.82459208299406
lqa,0,2334942414,-1897.0,,48.0,0.024678663239074552,False,,0,0.11953987498418428
qefem,1,972959248,-1935.0,,10.0,0.005141388174807198,False,,143,162.01667545898817
lqa,1,972959248,-1919.0,,26.0,0.013367609254498715,False,,0,0.1198989579861518
qefem,2,918715373,-1935.0,,10.0,0.005141388174807198,False,,377,162.5711441669846
lqa,2,918715373,-1923.0,,22.0,0.011311053984575836,False,,0,0.11887170802219771
qefem,3,995766950,-1935.0,,10.0,0.005141388174807198,False,,3353,160.07778916700045
lqa,3,995766950,-1915.0,,30.0,0.015424164524421594,False,,0,0.11928579199593514
qefem,4,1063847819,-1935.0,,10.0,0.005141388174807198,False,,1762,160.257858166995
lqa,4,1063847819,-1903.0,,42.0,0.021593830334190232,False,,0,0.11888808300136589
qefem,5,3453807154,-1935.0,,10.0,0.005141388174807198,False,,2403,160.240600042016
lqa,5,3453807154,-1921.0,,24.0,0.012339331619537276,False,,0,0.12042166601167992
qefem,6,4930965,-1935.0,,10.0,0.005141388174807198,False,,860,164.15420066702063
lqa,6,4930965,-1913.0,,32.0,0.016452442159383032,False,,0,0.11775604099966586
qefem,7,1808819323,-1935.0,,10.0,0.005141388174807198,False,,3910,160.29972483299207
lqa,7,1808819323,-1911.0,,34.0,0.017480719794344474,False,,0,0.11894087499240413
qefem,8,636621466,-1935.0,,10.0,0.005141388174807198,False,,2593,165.63930929201888
lqa,8,636621466,-1917.0,,28.0,0.014395886889460155,False,,0,0.12075420800829306
qefem,9,609911884,-1935.0,,10.0,0.005141388174807198,False,,1583,163.1158375829982
lqa,9,609911884,-1915.0,,30.0,0.015424164524421594,False,,0,0.11663858298561536
qefem,0,966741144,-1892.0,,8.0,0.004210526315789474,False,,1989,160.7764695000078
lqa,0,966741144,-1878.0,,22.0,0.011578947368421053,False,,0,0.12006679200567305
qefem,1,2135314302,-1892.0,,8.0,0.004210526315789474,False,,794,160.18992649999564
lqa,1,2135314302,-1872.0,,28.0,0.014736842105263158,False,,0,0.11879329098155722
qefem,2,3077410600,-1892.0,,8.0,0.004210526315789474,False,,920,164.7403671249922
lqa,2,3077410600,-1876.0,,24.0,0.01263157894736842,False,,0,0.14450408300035633
qefem,3,882966602,-1892.0,,8.0,0.004210526315789474,False,,368,164.8013398340263
lqa,3,882966602,-1872.0,,28.0,0.014736842105263158,False,,0,0.11694095801794901
qefem,4,529374535,-1894.0,,6.0,0.003157894736842105,False,,1837,163.5040143749793
lqa,4,529374535,-1868.0,,32.0,0.016842105263157894,False,,0,0.1209591249935329
qefem,5,2629209112,-1894.0,,6.0,0.003157894736842105,False,,4576,163.64049441702082
lqa,5,2629209112,-1880.0,,20.0,0.010526315789473684,False,,0,0.11944529198808596
qefem,6,4118853785,-1892.0,,8.0,0.004210526315789474,False,,4152,162.73292358397157
lqa,6,4118853785,-1874.0,,26.0,0.01368421052631579,False,,0,0.11939716601045802
qefem,7,2888883985,-1894.0,,6.0,0.003157894736842105,False,,2156,161.82363149998127
lqa,7,2888883985,-1888.0,,12.0,0.00631578947368421,False,,0,0.11975912502384745
qefem,8,1996088876,-1892.0,,8.0,0.004210526315789474,False,,563,162.28662870798144
lqa,8,1996088876,-1868.0,,32.0,0.016842105263157894,False,,0,0.120728624984622
qefem,9,3350193853,-1892.0,,8.0,0.004210526315789474,False,,1060,179.9176381250145
lqa,9,3350193853,-1872.0,,28.0,0.014736842105263158,False,,0,0.12371904199244455
qefem,0,1794976184,-1827.0,,2.0,0.0010934937124111536,False,,5249,180.78492912498768
lqa,0,1794976184,-1813.0,,16.0,0.008747949699289229,False,,0,0.12375720799900591
qefem,1,2526535855,-1825.0,,4.0,0.002186987424822307,False,,351,179.95192829199368
lqa,1,2526535855,-1811.0,,18.0,0.009841443411700382,False,,0,0.12252974999137223
qefem,2,2862196610,-1825.0,,4.0,0.002186987424822307,False,,814,184.48538320799707
lqa,2,2862196610,-1803.0,,26.0,0.014215418261344996,False,,0,0.12438941598520614
qefem,3,1132848757,-1825.0,,4.0,0.002186987424822307,False,,22,193.82183649999206
lqa,3,1132848757,-1811.0,,18.0,0.009841443411700382,False,,0,0.1225621250050608
qefem,4,3290856418,-1825.0,,4.0,0.002186987424822307,False,,194,194.4998665410094
lqa,4,3290856418,-1805.0,,24.0,0.013121924548933843,False,,0,0.1221674999978859
qefem,5,22428026,-1825.0,,4.0,0.002186987424822307,False,,140,186.69284054098534
lqa,5,22428026,-1799.0,,30.0,0.016402405686167305,False,,0,0.12175216700416058
qefem,6,137964630,-1827.0,,2.0,0.0010934937124111536,False,,1203,178.1670679160161
lqa,6,137964630,-1813.0,,16.0,0.008747949699289229,False,,0,0.12167299998691306
qefem,7,1837200122,-1825.0,,4.0,0.002186987424822307,False,,747,179.56160025001736
lqa,7,1837200122,-1809.0,,20.0,0.010934937124111536,False,,0,0.12357875000452623
qefem,8,3470335785,-1827.0,,2.0,0.0010934937124111536,False,,2291,193.66643987499992
lqa,8,3470335785,-1807.0,,22.0,0.01202843083652269,False,,0,0.1501692500023637
qefem,9,4118616382,-1827.0,,2.0,0.0010934937124111536,False,,2087,239.788413916016
lqa,9,4118616382,-1801.0,,28.0,0.01530891197375615,False,,0,0.13116020799498074
qefem,0,903741298,-1791.0,,0.0,0.0,True,,278,183.6795179580222
lqa,0,903741298,-1771.0,,20.0,0.011166945840312675,False,,0,0.12035308399936184
qefem,1,2120621032,-1791.0,,0.0,0.0,True,,1286,191.79946541701793
lqa,1,2120621032,-1779.0,,12.0,0.006700167504187605,False,,0,0.12310012499801815
qefem,2,1804549925,-1791.0,,0.0,0.0,True,,3402,224.81798512500245
lqa,2,1804549925,-1779.0,,12.0,0.006700167504187605,False,,0,0.1226659579842817
qefem,3,3549923301,-1791.0,,0.0,0.0,True,,704,204.2909510830068
lqa,3,3549923301,-1779.0,,12.0,0.006700167504187605,False,,0,0.15349349999451078
qefem,4,233415601,-1791.0,,0.0,0.0,True,,78,191.1428385420004
lqa,4,233415601,-1765.0,,26.0,0.014517029592406477,False,,0,0.12398345800465904
qefem,5,722795232,-1791.0,,0.0,0.0,True,,93,180.29890683401027
lqa,5,722795232,-1769.0,,22.0,0.012283640424343942,False,,0,0.12106466601835564
qefem,6,890685793,-1791.0,,0.0,0.0,True,,2005,179.25536783301504
lqa,6,890685793,-1761.0,,30.0,0.01675041876046901,False,,0,0.1247033329855185
qefem,7,1724984041,-1791.0,,0.0,0.0,True,,1908,183.4945425830083
lqa,7,1724984041,-1777.0,,14.0,0.007816862088218872,False,,0,0.12353095802245662
qefem,8,2836918672,-1791.0,,0.0,0.0,True,,351,181.63282466700184
lqa,8,2836918672,-1775.0,,16.0,0.00893355667225014,False,,0,0.12190616602310911
qefem,9,191022785,-1791.0,,0.0,0.0,True,,1924,177.85358241701033
lqa,9,191022785,-1769.0,,22.0,0.012283640424343942,False,,0,0.11996570799965411
qefem,0,862309687,-1720.0,,0.0,0.0,True,,2135,161.14772950002225
lqa,0,862309687,-1712.0,,8.0,0.004651162790697674,False,,0,0.12037066699122079
qefem,1,3411001820,-1720.0,,0.0,0.0,True,,734,160.1343960830127
lqa,1,3411001820,-1708.0,,12.0,0.0069767441860465115,False,,0,0.11889762498321943
qefem,2,2174993719,-1720.0,,0.0,0.0,True,,2232,160.51445729201077
lqa,2,2174993719,-1704.0,,16.0,0.009302325581395349,False,,0,0.12100554100470617
qefem,3,4007172253,-1720.0,,0.0,0.0,True,,2999,160.64494341699174
lqa,3,4007172253,-1706.0,,14.0,0.00813953488372093,False,,0,0.12127862498164177
qefem,4,2203699778,-1720.0,,0.0,0.0,True,,2032,161.22182612499455
lqa,4,2203699778,-1704.0,,16.0,0.009302325581395349,False,,0,0.12035741700674407
qefem,5,587696403,-1720.0,,0.0,0.0,True,,3676,160.78277766698739
lqa,5,587696403,-1700.0,,20.0,0.011627906976744186,False,,0,0.12088075000792742
qefem,6,3204084987,-1720.0,,0.0,0.0,True,,273,161.4281080000219
lqa,6,3204084987,-1708.0,,12.0,0.0069767441860465115,False,,0,0.12174212498939596
qefem,7,547472517,-1720.0,,0.0,0.0,True,,506,161.03717829100788
lqa,7,547472517,-1702.0,,18.0,0.010465116279069767,False,,0,0.12046433301293291
qefem,8,351187939,-1720.0,,0.0,0.0,True,,706,161.20090312501998
lqa,8,351187939,-1700.0,,20.0,0.011627906976744186,False,,0,0.1182136670104228
qefem,9,80249580,-1720.0,,0.0,0.0,True,,1636,161.22653899999568
lqa,9,80249580,-1698.0,,22.0,0.012790697674418604,False,,0,0.1196719590225257
qefem,0,3959532286,-1679.0,,0.0,0.0,True,,17,160.40828337499988
lqa,0,3959532286,-1675.0,,4.0,0.0023823704586063135,False,,0,0.11919554200721905
qefem,1,3774516246,-1679.0,,0.0,0.0,True,,56,160.56921895800042
lqa,1,3774516246,-1667.0,,12.0,0.00714711137581894,False,,0,0.12026529098511674
qefem,2,3170299607,-1679.0,,0.0,0.0,True,,19,159.595451916015
lqa,2,3170299607,-1673.0,,6.0,0.00357355568790947,False,,0,0.11945675002061762
qefem,3,3269461455,-1679.0,,0.0,0.0,True,,24,160.02012083301088
lqa,3,3269461455,-1673.0,,6.0,0.00357355568790947,False,,0,0.12101750000147149
qefem,4,3998570360,-1679.0,,0.0,0.0,True,,26,160.0335294159886
lqa,4,3998570360,-1673.0,,6.0,0.00357355568790947,False,,0,0.11922325001796708
qefem,5,900092448,-1679.0,,0.0,0.0,True,,53,159.44039795798017
lqa,5,900092448,-1673.0,,6.0,0.00357355568790947,False,,0,0.1176662500074599
qefem,6,1307185851,-1679.0,,0.0,0.0,True,,6,159.32697566700517
lqa,6,1307185851,-1671.0,,8.0,0.004764740917212627,False,,0,0.11981425000703894
qefem,7,4157578062,-1679.0,,0.0,0.0,True,,50,160.06293483398622
lqa,7,4157578062,-1671.0,,8.0,0.004764740917212627,False,,0,0.11667570797726512
qefem,8,1297640491,-1679.0,,0.0,0.0,True,,14,159.8194885420089
lqa,8,1297640491,-1671.0,,8.0,0.004764740917212627,False,,0,0.12055937500554137
qefem,9,357743073,-1679.0,,0.0,0.0,True,,19,160.0178303749999
lqa,9,357743073,-1671.0,,8.0,0.004764740917212627,False,,0,0.1178109580068849
qefem,0,3023034169,-1633.0,,0.0,0.0,True,,15,160.43107575000613
lqa,0,3023034169,-1627.0,,6.0,0.003674219228413962,False,,0,0.11846712499391288
qefem,1,2350436485,-1633.0,,0.0,0.0,True,,12,160.19359524999163
lqa,1,2350436485,-1623.0,,10.0,0.00612369871402327,False,,0,0.11977154199848883
qefem,2,1264762610,-1633.0,,0.0,0.0,True,,72,176.29638225000235
lqa,2,1264762610,-1627.0,,6.0,0.003674219228413962,False,,0,0.12226079200627282
qefem,3,3706888215,-1633.0,,0.0,0.0,True,,62,180.09449887499795
lqa,3,3706888215,-1631.0,,2.0,0.001224739742804654,False,,0,0.1232584579847753
qefem,4,1998018859,-1633.0,,0.0,0.0,True,,13,180.16267333299038
lqa,4,1998018859,-1631.0,,2.0,0.001224739742804654,False,,0,0.12219166601425968
qefem,5,2635702546,-1633.0,,0.0,0.0,True,,0,180.0782691659988
lqa,5,2635702546,-1627.0,,6.0,0.003674219228413962,False,,0,0.12297004199353978
qefem,6,2887637823,-1633.0,,0.0,0.0,True,,19,180.26682895800332
lqa,6,2887637823,-1627.0,,6.0,0.003674219228413962,False,,0,0.1231190419930499
qefem,7,234461649,-1633.0,,0.0,0.0,True,,92,180.46770466602175
lqa,7,234461649,-1629.0,,4.0,0.002449479485609308,False,,0,0.12337941699661314
qefem,8,1714904509,-1633.0,,0.0,0.0,True,,14,180.03124454099452
lqa,8,1714904509,-1629.0,,4.0,0.002449479485609308,False,,0,0.1221137499960605
qefem,9,773750984,-1633.0,,0.0,0.0,True,,149,180.38021466700593
lqa,9,773750984,-1627.0,,6.0,0.003674219228413962,False,,0,0.12157641700468957
qefem,0,530451229,-1592.0,,0.0,0.0,True,,0,180.06960987500497
lqa,0,530451229,-1592.0,,0.0,0.0,True,,0,0.12202125001931563
qefem,1,2240081824,-1592.0,,0.0,0.0,True,,4,178.41165475000162
lqa,1,2240081824,-1590.0,,2.0,0.001256281407035176,False,,0,0.12198420797358267
qefem,2,2014651604,-1592.0,,0.0,0.0,True,,0,178.74112020799657
lqa,2,2014651604,-1590.0,,2.0,0.001256281407035176,False,,0,0.12293774998397566
qefem,3,3272399299,-1592.0,,0.0,0.0,True,,0,178.42239529200015
lqa,3,3272399299,-1588.0,,4.0,0.002512562814070352,False,,0,0.12167966598644853
qefem,4,4020777971,-1592.0,,0.0,0.0,True,,3,178.18902537497343
lqa,4,4020777971,-1592.0,,0.0,0.0,True,,0,0.12017108299187385
qefem,5,104767086,-1592.0,,0.0,0.0,True,,1,179.11859325002297
lqa,5,104767086,-1590.0,,2.0,0.001256281407035176,False,,0,0.11945895798271522
qefem,6,3091847888,-1592.0,,0.0,0.0,True,,1,178.4665385829867
lqa,6,3091847888,-1586.0,,6.0,0.0037688442211055275,False,,0,0.1203936249949038
qefem,7,423605196,-1592.0,,0.0,0.0,True,,0,177.6278465409996
lqa,7,423605196,-1592.0,,0.0,0.0,True,,0,0.121511167002609
qefem,8,746326576,-1592.0,,0.0,0.0,True,,3,177.82672441701288
lqa,8,746326576,-1586.0,,6.0,0.0037688442211055275,False,,0,0.12227999998140149
qefem,9,1345952358,-1592.0,,0.0,0.0,True,,3,177.99943595801597
lqa,9,1345952358,-1592.0,,0.0,0.0,True,,0,0.11960462498245761
qefem,0,3746924676,-1536.0,,0.0,0.0,True,,3,178.01062837502104
lqa,0,3746924676,-1536.0,,0.0,0.0,True,,0,0.12161404200014658
qefem,1,383532789,-1536.0,,0.0,0.0,True,,4,178.36621058301535
lqa,1,383532789,-1534.0,,2.0,0.0013020833333333333,False,,0,0.12263804202666506
qefem,2,1256546837,-1536.0,,0.0,0.0,True,,2,178.49210633299663
lqa,2,1256546837,-1536.0,,0.0,0.0,True,,0,0.12114483298501
qefem,3,3459137805,-1536.0,,0.0,0.0,True,,0,179.34554791700793
lqa,3,3459137805,-1534.0,,2.0,0.0013020833333333333,False,,0,0.12279166601365432
qefem,4,1239177952,-1536.0,,0.0,0.0,True,,1,179.11515904098633
lqa,4,1239177952,-1534.0,,2.0,0.0013020833333333333,False,,0,0.1231135840062052
qefem,5,2246152507,-1536.0,,0.0,0.0,True,,0,179.56591058298363
lqa,5,2246152507,-1534.0,,2.0,0.0013020833333333333,False,,0,0.12252279097447172
qefem,6,3991506314,-1536.0,,0.0,0.0,True,,3,179.263158457994
lqa,6,3991506314,-1536.0,,0.0,0.0,True,,0,0.1208420839975588
qefem,7,2856244789,-1536.0,,0.0,0.0,True,,0,180.53469933298766
lqa,7,2856244789,-1536.0,,0.0,0.0,True,,0,0.12192004200187512
qefem,8,980884606,-1536.0,,0.0,0.0,True,,1,179.87484395800857
lqa,8,980884606,-1536.0,,0.0,0.0,True,,0,0.12051049998262897
qefem,9,4201941292,-1536.0,,0.0,0.0,True,,1,179.99164008401567
lqa,9,4201941292,-1536.0,,0.0,0.0,True,,0,0.12181966699426994
