run_group,instance,step,temperature,beta,gamma,loss,mean_free_energy,mean_expected_cut,max_expected_cut,mean_entropy,mean_driver_energy,step_best_cut,global_best_cut,global_best_accuracy,step_success_count,step_success_probability,ever_success_count,ever_success_probability,mean_R,mean_abs_rx,mean_abs_rz,frac_polarized,frac_ambiguous,raw_R_grad_norm,theta_grad_norm,raw_R_grad_mean_abs,theta_grad_mean_abs,raw_R_grad_max_abs,theta_grad_max_abs,raw_R_step_norm,theta_step_norm,raw_R_step_mean_abs,theta_step_mean_abs
big_19_21,G70,1,1.159999966621399,0.8620690107345581,1.0,-13139.421875,-13142.3828125,4999.5,4999.5,6930.94140625,-102.99021911621094,5091.0,5091.0,53.08101345010948,0,0.0,0,0.0,0.010301371105015278,0.010299022309482098,0.00021302040840964764,0.0,1.0,0.08648508787155151,0.0008839730871841311,7.644270226592198e-05,6.2358697050513e-07,7.681542774662375e-05,4.040742169308942e-06,33.93650436401367,32.550384521484375,0.029995916411280632,0.028646107763051987
big_19_21,G70,50,1.1315672397613525,0.8837300539016724,0.9754877686500549,-13332.171875,-13351.3984375,4999.5,4999.5,6916.98974609375,-524.8597412109375,5242.0,5440.0,56.71984151808988,0,0.0,0,0.0,0.05380487069487572,0.05380484461784363,4.06252802349627e-05,0.0,1.0,0.39738181233406067,0.00034748358302749693,0.00035123908310197294,2.6350468829150486e-07,0.00035270059015601873,1.0082289918500464e-06,47.54161071777344,1.2448140382766724,0.042021241039037704,0.0009722756803967059
big_19_21,G70,100,1.102554202079773,0.9069848656654358,0.9504752159118652,-15453.55859375,-15511.3681640625,4999.498046875,4999.498046875,6130.3505859375,-3752.826171875,4168.0,5450.0,56.82410593264519,0,0.0,0,0.0,0.39483851194381714,0.39483681321144104,0.0009444941533729434,0.0,1.0,1.0554994344711304,0.01111628208309412,0.0009329383610747755,7.841474143788218e-06,0.0009342642733827233,5.48944590264e-05,55.291839599609375,5.727203845977783,0.048871539533138275,0.00414158683270216
big_19_21,G70,150,1.0735411643981934,0.9314966797828674,0.9254627227783203,-16036.2783203125,-16037.32421875,5280.43212890625,5298.060546875,4226.2412109375,-6219.84765625,9061.0,9065.0,94.51569179439058,0,0.0,0,0.0,0.7000691294670105,0.6720797419548035,0.13004274666309357,0.0,0.388685941696167,0.15802551805973053,0.11417713761329651,6.21206927462481e-05,2.6175348466495052e-05,0.0015768472803756595,0.0021440053824335337,8.075146675109863,14.880875587463379,0.006083406042307615,0.00780086824670434
big_19_21,G70,200,1.0445282459259033,0.9573699831962585,0.9004502296447754,-15780.1884765625,-15780.416015625,5578.9248046875,5604.38037109375,3992.0947265625,-6031.634765625,9056.0,9084.0,94.71379418204567,0,0.0,0,0.0,0.7241465449333191,0.6698465347290039,0.19401752948760986,0.0,0.31281405687332153,0.05536210536956787,0.014668306335806847,2.6461961169843562e-05,3.895974259648938e-06,0.0006771482876501977,0.001339402748271823,4.110427379608154,2.44398832321167,0.0020137594547122717,0.001559112104587257
big_19_21,G70,250,1.0155152082443237,0.984721839427948,0.8754377365112305,-15505.505859375,-15505.57421875,5757.9599609375,5789.025390625,3876.758544921875,-5810.70703125,9049.0,9084.0,94.71379418204567,0,0.0,0,0.0,0.7347314953804016,0.6637487411499023,0.22827142477035522,0.0,0.28384295105934143,0.029877252876758575,0.006240650080144405,1.553405490994919e-05,3.134837015750236e-06,0.0005629376391880214,0.0007493193261325359,2.2916033267974854,1.8200526237487793,0.0012039869325235486,0.0012131197145208716
big_19_21,G70,300,0.9865021705627441,1.01368248462677,0.8504252433776855,-15231.669921875,-15231.7138671875,5899.7822265625,5933.744140625,3787.703125,-5595.35400390625,9063.0,9084.0,94.71379418204567,0,0.0,0,0.0,0.742848813533783,0.6579477787017822,0.25522366166114807,0.0,0.2628374993801117,0.023501837626099586,0.006311044096946716,1.2797203453374095e-05,3.360388063811115e-06,0.0005111358477734029,0.0010770426597446203,1.9054535627365112,1.8175981044769287,0.0010480770142748952,0.0011633613612502813
big_19_21,G70,350,0.9574891924858093,1.0443981885910034,0.8254126906394958,-14961.263671875,-14961.302734375,6037.17431640625,6072.9130859375,3703.781005859375,-5377.798828125,9068.0,9084.0,94.71379418204567,0,0.0,0,0.0,0.750360369682312,0.6515284180641174,0.28077173233032227,0.0001390624966006726,0.24531014263629913,0.02145300805568695,0.00651172362267971,1.2195496310596354e-05,3.557555373845389e-06,0.0004262688453309238,0.0004630694165825844,1.881670594215393,1.8153269290924072,0.001079109963029623,0.001141951186582446
big_19_21,G70,400,0.9284762144088745,1.077033519744873,0.8004001975059509,-14694.8486328125,-14694.88671875,6176.400390625,6213.470703125,3617.49560546875,-5159.728515625,9078.0,9084.0,94.71379418204567,0,0.0,0,0.0,0.7579495906829834,0.6446435451507568,0.305748850107193,0.00032500000088475645,0.23314295709133148,0.02035001665353775,0.0067617385648190975,1.1991791325272061e-05,3.74673368241929e-06,0.00047953781904652715,0.0003924767952412367,1.9321668148040771,1.8303494453430176,0.0011464840499684215,0.001145690563134849
big_19_21,G70,450,0.8994631767272949,1.111774206161499,0.775387704372406,-14432.7529296875,-14432.79296875,6318.5390625,6356.265625,3527.639404296875,-4941.271484375,9085.0,9085.0,94.7242206235012,0,0.0,0,0.0,0.7657073736190796,0.637264609336853,0.33048099279403687,0.0005281249759718776,0.22407342493534088,0.019739529117941856,0.00692413654178381,1.1954170076933224e-05,3.85697785532102e-06,0.0005402247770689428,0.0006250828737393022,2.0131194591522217,1.870897650718689,0.0012275270419195294,0.001156188896857202
big_19_21,G70,500,0.8704501390457153,1.1488308906555176,0.7503751516342163,-14175.271484375,-14175.310546875,6463.4345703125,6501.177734375,3433.9716796875,-4722.775390625,9088.0,9097.0,94.84933792096757,0,0.0,0,0.0,0.7736439108848572,0.6293885707855225,0.3549667298793793,0.000798437453340739,0.21749453246593475,0.01930030807852745,0.006978957448154688,1.1977156646025833e-05,3.85285329684848e-06,0.0003659231879282743,0.0006266515702009201,2.1082262992858887,1.828045129776001,0.0013147385325282812,0.0011318554170429707
big_19_21,G70,550,0.8414371609687805,1.1884428262710571,0.7253626585006714,-13922.6240234375,-13922.6650390625,6610.33203125,6648.107421875,3336.74951171875,-4504.66845703125,9108.0,9108.0,94.96402877697842,0,0.0,0,0.0,0.7817258834838867,0.6210229396820068,0.3791816532611847,0.0011796874459832907,0.21306326985359192,0.018983354791998863,0.007022032979875803,1.2031406185997184e-05,3.863192432618234e-06,0.00045191659592092037,0.0006907633505761623,2.2014615535736084,1.9003459215164185,0.0014038552762940526,0.0011263674823567271
big_19_21,G70,600,0.8124241828918457,1.230884075164795,0.7003501653671265,-13675.083984375,-13675.1259765625,6759.00927734375,6796.5517578125,3236.037353515625,-4287.08154296875,9122.0,9124.0,95.13085184026691,0,0.0,0,0.0,0.789945662021637,0.6121339797973633,0.40330666303634644,0.0019171874737367034,0.20892342925071716,0.018760744482278824,0.007069056853652,1.2135778888477944e-05,3.876659775414737e-06,0.0002459233219269663,0.0002951847855001688,2.3111748695373535,1.878328561782837,0.00150105741340667,0.0011116161476820707
big_19_21,G70,650,0.7834111452102661,1.2764689922332764,0.6753376722335815,-13432.869140625,-13432.9130859375,6908.50634765625,6945.896484375,3132.233642578125,-4070.580078125,9136.0,9139.0,95.28724846209988,0,0.0,0,0.0,0.7982602119445801,0.6027473211288452,0.4270801544189453,0.0034640624653548002,0.20604686439037323,0.018690528348088264,0.007084133569151163,1.2248322491359431e-05,3.803786512435181e-06,0.00047527829883620143,0.0006920280866324902,2.4218337535858154,1.935612440109253,0.001597737311385572,0.0010893767466768622
big_19_21,G70,700,0.7543981075286865,1.3255600929260254,0.6503251791000366,-13196.1640625,-13196.208984375,7057.30029296875,7094.69970703125,3026.14599609375,-3855.99072265625,9147.0,9156.0,95.46449796684392,0,0.0,0,0.0,0.8065864443778992,0.5929327011108398,0.45000478625297546,0.005957812536507845,0.20524375140666962,0.018365049734711647,0.006953179370611906,1.2284411241125781e-05,3.731778633664362e-06,0.00044480536598712206,0.000432270229794085,2.514277696609497,1.751855731010437,0.0016886935336515307,0.001052630483172834
big_19_21,G70,750,0.7253851294517517,1.3785780668258667,0.6253126859664917,-12965.1513671875,-12965.19921875,7205.09814453125,7242.4130859375,2918.386474609375,-3643.146484375,9163.0,9166.0,95.56876238139922,0,0.0,0,0.0,0.8148718476295471,0.5826119184494019,0.47258445620536804,0.00949687510728836,0.20327889919281006,0.01828053966164589,0.007094648201018572,1.2409843293426093e-05,3.7401339341158746e-06,0.0003041349118575454,0.00045747915282845497,2.627164125442505,1.9076062440872192,0.001790142385289073,0.0010550260776653886
big_19_21,G70,800,0.6963721513748169,1.4360138177871704,0.600300133228302,-12740.021484375,-12740.0712890625,7351.4990234375,7388.322265625,2808.8876953125,-3432.54052734375,9179.0,9184.0,95.75643832759879,0,0.0,0,0.0,0.8231338858604431,0.5718041062355042,0.4946674108505249,0.01449140626937151,0.20168671011924744,0.018188048154115677,0.007034304551780224,1.2523570148914587e-05,3.6629955957323546e-06,0.0003440347209107131,0.0006350965704768896,2.7347397804260254,2.0882668495178223,0.001891131978482008,0.001036819419823587
big_19_21,G70,850,0.6673591136932373,1.498443603515625,0.5752876400947571,-12520.9541015625,-12521.0048828125,7495.94189453125,7532.03955078125,2698.1123046875,-3224.453125,9209.0,9211.0,96.03795224689813,0,0.0,0,0.0,0.8313354253768921,0.5604940056800842,0.5163745284080505,0.02244921773672104,0.19957812130451202,0.018159393221139908,0.007118752226233482,1.2669041097979061e-05,3.6865028505417285e-06,0.00021574868878815323,0.0006506785284727812,2.8682687282562256,1.85512375831604,0.0020041305106133223,0.001023660646751523
big_19_21,G70,900,0.6383461356163025,1.566548228263855,0.5502750873565674,-12308.16015625,-12308.21484375,7638.640625,7674.041015625,2585.916015625,-3018.86474609375,9225.0,9228.0,96.21520175164217,0,0.0,0,0.0,0.839502215385437,0.5486100316047668,0.5380052924156189,0.03088437393307686,0.1962374895811081,0.018224935978651047,0.007292008027434349,1.2853008229285479e-05,3.7108443393663038e-06,0.0003243372484575957,0.0007455586455762386,3.0115413665771484,1.9494218826293945,0.002123928163200617,0.001032911241054535
big_19_21,G70,950,0.6093330979347229,1.6411384344100952,0.5252625942230225,-12101.701171875,-12101.7578125,7777.41015625,7811.9716796875,2473.549560546875,-2817.132080078125,9242.0,9251.0,96.45500990511938,0,0.0,0,0.0,0.8475064039230347,0.5363283157348633,0.5585021376609802,0.043754685670137405,0.19385233521461487,0.017935603857040405,0.007224666886031628,1.2893144230474718e-05,3.7128349958948093e-06,0.0003106154908891767,0.0005515683442354202,3.084259033203125,3.003694534301758,0.002217234345152974,0.0010978297796100378
big_19_21,G70,1000,0.5803201198577881,1.7231868505477905,0.5002501010894775,-11901.8359375,-11901.892578125,7913.68994140625,7947.62890625,2360.4794921875,-2618.369140625,9255.0,9255.0,96.49671567094151,0,0.0,0,0.0,0.8554365038871765,0.5234119892120361,0.5788892507553101,0.06187265366315842,0.19291561841964722,0.018049655482172966,0.007185848895460367,1.306901867792476e-05,3.652484565463965e-06,0.00037044286727905273,0.0007760676089674234,3.2428786754608154,1.6965872049331665,0.0023459556978195906,0.0009909537620842457
big_19_21,G70,1050,0.5513070821762085,1.813871145248413,0.4752376079559326,-11708.521484375,-11708.5810546875,8044.0908203125,8077.3671875,2249.27685546875,-2424.44775390625,9295.0,9295.0,96.91377332916275,0,0.0,0,0.0,0.8630212545394897,0.5101547837257385,0.5976137518882751,0.08385077863931656,0.19335311651229858,0.017922040075063705,0.0070567079819738865,1.3092368135403376e-05,3.5043410662183305e-06,0.0010065404931083322,0.0011582111474126577,3.336937665939331,1.634177803993225,0.0024421638809144497,0.0009509355295449495
big_19_21,G70,1100,0.5222941040992737,1.9146300554275513,0.4502251148223877,-11522.025390625,-11522.09375,8171.97705078125,8204.529296875,2139.35302734375,-2232.74560546875,9327.0,9333.0,97.30997810447295,0,0.0,0,0.0,0.8703790903091431,0.49591755867004395,0.6186172962188721,0.0989374965429306,0.18130546808242798,0.018966566771268845,0.008158916607499123,1.369599067402305e-05,3.7875886391702807e-06,0.0004088938294444233,0.0005765871610492468,3.574563980102539,4.148390293121338,0.002630764851346612,0.0012443301966413856
big_19_21,G70,1150,0.4932810664176941,2.0272417068481445,0.425212562084198,-11342.779296875,-11342.8447265625,8298.5927734375,8330.48046875,2023.45556640625,-2046.119384765625,9329.0,9334.0,97.32040454592847,0,0.0,0,0.0,0.878256618976593,0.48119914531707764,0.638392448425293,0.11067499965429306,0.1814538985490799,0.01812894642353058,0.006895693950355053,1.3551616575568914e-05,3.4432459870004095e-06,0.00022964908566791564,0.0003499446902424097,3.6781845092773438,1.6625239849090576,0.002736828289926052,0.0009598302422091365
big_19_21,G70,1200,0.4642680883407593,2.15392804145813,0.4002000689506531,-11170.36328125,-11170.4296875,8416.22265625,8447.44921875,1914.042236328125,-1865.57763671875,9328.0,9334.0,97.32040454592847,0,0.0,0,0.0,0.8853353261947632,0.46616122126579285,0.6557461023330688,0.16428515315055847,0.18181093037128448,0.017810441553592682,0.006880601868033409,1.348964542557951e-05,3.3315684504486853e-06,0.00024537803255952895,0.0006934343837201595,3.724619150161743,1.5530234575271606,0.002815708750858903,0.0009228379931300879
big_19_21,G70,1250,0.4352550506591797,2.2975034713745117,0.37518757581710815,-11004.9189453125,-11004.9873046875,8527.072265625,8557.7412109375,1808.8997802734375,-1690.581787109375,9328.0,9334.0,97.32040454592847,0,0.0,0,0.0,0.8919376730918884,0.450596421957016,0.6721401810646057,0.21261952817440033,0.18203984200954437,0.017695948481559753,0.006811492145061493,1.3512120858649723e-05,3.2916739201027667e-06,0.0003062259347643703,0.00034373567905277014,3.8312909603118896,1.5510530471801758,0.002920543309301138,0.0009157707099802792
big_19_21,G70,1300,0.4062420725822449,2.4615864753723145,0.35017526149749756,-10846.5263671875,-10846.5947265625,8631.8515625,8661.8330078125,1706.98486328125,-1521.295166015625,9326.0,9334.0,97.32040454592847,0,0.0,0,0.0,0.8981931209564209,0.43443822860717773,0.687904953956604,0.25071796774864197,0.18306249380111694,0.017624851316213608,0.006861814763396978,1.3551222764363047e-05,3.27198449667776e-06,0.0003554809372872114,0.0002500874106772244,3.9498448371887207,1.568117618560791,0.003032114589586854,0.0009132124832831323
big_19_21,G70,1350,0.3772290349006653,2.650909423828125,0.3251709043979645,-10695.2939453125,-10695.3642578125,8730.5498046875,8760.001953125,1608.182373046875,-1358.1611328125,9390.0,9390.0,97.90428526743823,0,0.0,0,0.0,0.9041234254837036,0.41767606139183044,0.7028283476829529,0.26888594031333923,0.18434686958789825,0.017546646296977997,0.006950768642127514,1.3559480976255145e-05,3.2352140806324314e-06,0.0005101764691062272,0.0008520265109837055,4.069223880767822,1.5370243787765503,0.0031410593073815107,0.000899756618309766
big_19_21,G70,1400,0.34821605682373047,2.8717801570892334,0.3003411889076233,-10552.4921875,-10552.57421875,8828.8251953125,8858.9697265625,1506.429931640625,-1199.1861572265625,9393.0,9393.0,97.93556459180482,0,0.0,0,0.0,0.9103928208351135,0.399274617433548,0.7223982214927673,0.2743820250034332,0.1729070246219635,0.018531573936343193,0.007262000814080238,1.4180785001371987e-05,3.3982632885454223e-06,0.00014751794515177608,0.00010626227594912052,4.457747936248779,2.5592997074127197,0.0033999530132859945,0.0010364913614466786
big_19_21,G70,1450,0.3192030191421509,3.1328024864196777,0.277316153049469,-10424.3466796875,-10424.4287109375,8916.916015625,8947.8125,1401.052978515625,-1060.2921142578125,9399.0,9399.0,97.998123240538,0,0.0,0,0.0,0.9169027209281921,0.38234052062034607,0.7376509308815002,0.35576093196868896,0.17276406288146973,0.0182608962059021,0.0075114150531589985,1.4428418580791913e-05,3.349831331433961e-06,0.00016402102482970804,0.00017139362171292305,4.507967472076416,2.5555660724639893,0.0035490135196596384,0.0009334161295555532
big_19_21,G70,1500,0.29019004106521606,3.4460177421569824,0.2625235319137573,-10333.63671875,-10333.7255859375,8979.4306640625,9010.58203125,1286.94091796875,-980.8380126953125,9404.0,9404.0,98.05025544781566,0,0.0,0,0.0,0.9243431687355042,0.37361907958984375,0.7482385635375977,0.4459195137023926,0.17399999499320984,0.01874437928199768,0.007708965800702572,1.5872808944550343e-05,3.5730961371882586e-06,0.00020267297804821283,0.00023363466607406735,4.74968957901001,1.9544415473937988,0.003979042172431946,0.0008579482673667371
big_19_21,G70,1550,0.26117706298828125,3.82882022857666,0.26034680008888245,-10297.439453125,-10297.69921875,9023.2890625,9055.66015625,1133.0673828125,-978.478271484375,9493.0,9493.0,98.97820873735795,0,0.0,0,0.0,0.9358439445495605,0.37583646178245544,0.7629514336585999,0.5140390396118164,0.15734998881816864,0.029293743893504143,0.02310635708272457,1.9521761714713648e-05,6.0610459513554815e-06,0.00022965883545111865,0.0005125042516738176,6.563392162322998,11.668203353881836,0.0049368212930858135,0.00199834443628788
big_19_21,G70,1600,0.23216402530670166,4.307299613952637,0.25009971857070923,-10237.94140625,-10238.0556640625,9084.646484375,9115.19921875,948.6961669921875,-933.15576171875,9497.0,9497.0,99.01991450318006,0,0.0,0,0.0,0.9493134617805481,0.3731134533882141,0.7764164805412292,0.526409387588501,0.15527421236038208,0.02003767155110836,0.008078206330537796,1.64011162269162e-05,3.653520934676635e-06,0.000575750251300633,0.001018251059576869,5.801929950714111,1.8546957969665527,0.004682387225329876,0.0010168764274567366
big_19_21,G70,1650,0.20315104722976685,4.922445774078369,0.2105179876089096,-10075.27734375,-10075.361328125,9187.798828125,9218.603515625,857.20751953125,-713.4207763671875,9497.0,9497.0,99.01991450318006,0,0.0,0,0.0,0.9543340802192688,0.3388882577419281,0.7928872108459473,0.5268734097480774,0.15696874260902405,0.017823921516537666,0.0061707645654678345,1.4962276509322692e-05,2.57006013271166e-06,0.00023864718968980014,0.0010881449561566114,5.004879951477051,1.7879410982131958,0.004108024295419455,0.0012025827309116721
big_19_21,G70,1700,0.17413800954818726,5.742571830749512,0.16261200606822968,-9904.0869140625,-9904.177734375,9285.650390625,9316.638671875,850.7091064453125,-470.3870849609375,9497.0,9497.0,99.01991450318006,0,0.0,0,0.0,0.951903223991394,0.2892695665359497,0.8079177737236023,0.5272819995880127,0.157289057970047,0.01812021993100643,0.007011356297880411,1.55228772200644e-05,2.836775365722133e-06,0.00012975030404049903,0.000687319552525878,5.272280216217041,1.7248456478118896,0.004513833671808243,0.0011470034951344132
big_19_21,G70,1750,0.14512503147125244,6.890610218048096,0.12727773189544678,-9788.3251953125,-9788.408203125,9346.1552734375,9377.1767578125,862.9252319335938,-317.021240234375,9497.0,9497.0,99.01991450318006,0,0.0,0,0.0,0.9476126432418823,0.24907831847667694,0.8167715072631836,0.7831171751022339,0.15754765272140503,0.016790121793746948,0.007137601263821125,1.397379492118489e-05,2.929009042418329e-06,5.9650777984643355e-05,0.00012711872113868594,5.0858330726623535,1.583288550376892,0.004266001749783754,0.0009825911838561296
big_19_21,G70,1800,0.11611199378967285,8.612374305725098,0.10024542361497879,-9704.0263671875,-9704.1015625,9385.3408203125,9416.3359375,851.6729125976562,-219.87164306640625,9497.0,9497.0,99.01991450318006,0,0.0,0,0.0,0.9460059404373169,0.21933335065841675,0.8222259283065796,0.8279405832290649,0.15797264873981476,0.0158010832965374,0.007193256169557571,1.2466246516851243e-05,2.9694006116187666e-06,5.853147740708664e-05,0.00011627684580162168,4.905245304107666,1.5656050443649292,0.0038983840495347977,0.0009338357485830784
big_19_21,G70,1850,0.08709895610809326,11.481193542480469,0.07504609227180481,-9631.2578125,-9631.326171875,9414.205078125,9445.177734375,828.5064697265625,-144.9595947265625,9497.0,9497.0,99.01991450318006,0,0.0,0,0.0,0.9462155103683472,0.1931607574224472,0.8261964917182922,0.8320109248161316,0.1581929624080658,0.014845225028693676,0.007120995316654444,1.1480573448352516e-05,2.8704885153274518e-06,6.280873640207574e-05,0.0001302927266806364,4.754615783691406,1.5264028310775757,0.0036768896970897913,0.0009018415003083646
big_19_21,G70,1900,0.05808603763580322,17.21584129333496,0.050025176256895065,-9565.62890625,-9565.689453125,9435.0263671875,9465.9814453125,806.5401000976562,-83.81432342529297,9497.0,9497.0,99.01991450318006,0,0.0,0,0.0,0.9467897415161133,0.16754427552223206,0.8291417956352234,0.8325914144515991,0.15821093320846558,0.013827219605445862,0.0072315046563744545,1.0678598300728481e-05,2.83793065136706e-06,5.979619891149923e-05,0.00010362351895309985,4.562341690063477,1.5285052061080933,0.0035160062834620476,0.0008917793165892363
big_19_21,G70,1950,0.029072999954223633,34.396175384521484,0.02501249499619007,-9506.6376953125,-9506.6923828125,9448.2734375,9479.228515625,788.71484375,-35.48805236816406,9497.0,9497.0,99.01991450318006,0,0.0,0,0.0,0.9473058581352234,0.1418813019990921,0.8312471508979797,0.8326437473297119,0.1582070291042328,0.012839021161198616,0.007512327283620834,9.935547495842911e-06,2.9675070436496753e-06,4.501130752032623e-05,0.00010872976417886093,4.3611741065979,1.6846014261245728,0.0033665176015347242,0.0009575752192176878
big_19_21,G70,2000,5.999999848427251e-05,16666.66796875,0.0,-9454.263671875,-9454.3173828125,9454.2705078125,9485.208984375,774.7015380859375,0.0,9497.0,9497.0,99.01991450318006,0,0.0,0,0.0,0.9477129578590393,0.11588308960199356,0.8361524939537048,0.832644522190094,0.14712734520435333,0.011828998103737831,0.009377509355545044,9.21249193197582e-06,3.4105664781236555e-06,1.6810359738883562e-05,0.0002074811636703089,4.143429279327393,5.879339218139648,0.0032144151628017426,0.0016312409425154328
big_19_21,G77,1,1.159999966621399,0.8620690107345581,1.0,-11499.8896484375,-11504.033203125,104.0,104.00000762939453,9703.3173828125,-144.186279296875,200.0,200.0,2.0120724346076457,0,0.0,0,0.0,0.010301369242370129,0.010299022309482098,0.00021299973013810813,0.0,1.0,0.1023305207490921,0.0010463381186127663,7.644268043804914e-05,6.236174385776394e-07,7.682885188842192e-05,3.926858425984392e-06,40.154212951660156,38.51163101196289,0.02999591827392578,0.02864399179816246
big_19_21,G77,50,1.1315672397613525,0.8837300539016724,0.9754877686500549,-11769.740234375,-11796.658203125,104.0,104.0,9683.78515625,-734.803466796875,726.0,1134.0,11.408450704225352,0,0.0,0,0.0,0.05380485951900482,0.05380484089255333,3.925846249330789e-05,0.0,1.0,0.4701884388923645,0.0004135494527872652,0.0003512390539981425,2.6063341351800773e-07,0.000352740113157779,9.810106575969257e-07,56.251991271972656,1.4718633890151978,0.042021244764328,0.0009447255870327353
big_19_21,G77,100,1.102554202079773,0.9069848656654358,0.9504752159118652,-14739.67578125,-14820.6083984375,103.99409484863281,103.99468231201172,8582.4921875,-5253.951171875,-2238.0,1188.0,11.951710261569417,0,0.0,0,0.0,0.3948383629322052,0.3948363959789276,0.0009923947509378195,0.0,1.0,1.2488802671432495,0.015301712788641453,0.0009329358581453562,9.14114025363233e-06,0.0009341090335510671,5.3990301239537075e-05,65.42213439941406,7.049997329711914,0.04887150228023529,0.0042455317452549934
big_19_21,G77,150,1.0735411643981934,0.9314966797828674,0.9254627227783203,-15699.4443359375,-15709.080078125,1792.1600341796875,1812.616943359375,5791.8984375,-7699.080078125,9618.0,9618.0,96.7605633802817,0,0.0,0,0.0,0.7101195454597473,0.5942263007164001,0.351810097694397,0.0,0.045404575765132904,0.4345097243785858,0.2681339979171753,0.0002646396169438958,0.00011064986028941348,0.0008272595005109906,0.0010825236095115542,19.922657012939453,27.627641677856445,0.013231334276497364,0.015399754047393799
big_19_21,G77,200,1.0445282459259033,0.9573699831962585,0.9004502296447754,-15562.7646484375,-15564.193359375,3355.634765625,3382.359375,4555.85791015625,-7449.8369140625,9690.0,9690.0,97.48490945674044,0,0.0,0,0.0,0.7956835627555847,0.5909612774848938,0.4945535659790039,0.0,0.03060770034790039,0.1379290670156479,0.031156888231635094,8.86595225892961e-05,1.0340922926843632e-05,0.0006347240414470434,0.0017927598673850298,10.485122680664062,3.56005859375,0.006744552403688431,0.002124686725437641
big_19_21,G77,250,1.0155152082443237,0.984721839427948,0.8754377365112305,-15268.37890625,-15268.6943359375,4053.3837890625,4082.080078125,4051.222900390625,-7101.23193359375,9692.0,9692.0,97.50503018108652,0,0.0,0,0.0,0.8251386880874634,0.5794025659561157,0.5493357181549072,0.0,0.027576450258493423,0.06345725804567337,0.004940114449709654,4.141028693993576e-05,1.5569466995657422e-06,0.0005483708810061216,0.0008816758636385202,4.9892473220825195,1.5066841840744019,0.003280969802290201,0.000921145488973707
big_19_21,G77,300,0.9865021705627441,1.01368248462677,0.8504252433776855,-14965.1923828125,-14965.3544921875,4489.42333984375,4518.2958984375,3773.0302734375,-6753.828125,9698.0,9698.0,97.56539235412475,0,0.0,0,0.0,0.8404573202133179,0.5672647953033447,0.5823407173156738,0.0,0.026137275621294975,0.04476689547300339,0.004760512616485357,2.9556529625551775e-05,1.591406771694892e-06,0.0005509323091246188,0.0007789700757712126,3.648190975189209,1.3703995943069458,0.002422580262646079,0.0007866770029067993
big_19_21,G77,350,0.9574891924858093,1.0443981885910034,0.8254126906394958,-14669.443359375,-14669.5693359375,4855.873046875,4883.92333984375,3552.056884765625,-6412.6396484375,9706.0,9706.0,97.64587525150905,0,0.0,0,0.0,0.8522156476974487,0.554929256439209,0.6093497276306152,0.0,0.02532142773270607,0.03830037638545036,0.005005507729947567,2.5526755052851513e-05,1.7532336187287e-06,0.0006482104072347283,0.0006722419057041407,3.3317954540252686,1.3365213871002197,0.0022339452989399433,0.0007402132614515722
big_19_21,G77,400,0.9284762144088745,1.077033519744873,0.8004001975059509,-14383.05078125,-14383.1640625,5194.31396484375,5222.0107421875,3349.931396484375,-6078.51953125,9710.0,9710.0,97.68611670020121,0,0.0,0,0.0,0.8626565337181091,0.5424535274505615,0.6336548328399658,0.0,0.02499832585453987,0.03506221994757652,0.005470098927617073,2.3545695512439124e-05,1.9939170670113526e-06,0.00039210059912875295,0.0007151808822527528,3.280022144317627,1.3706843852996826,0.002213889267295599,0.0007305410108529031
big_19_21,G77,450,0.8994631767272949,1.111774206161499,0.775387704372406,-14106.33984375,-14106.447265625,5514.6396484375,5542.9345703125,3157.66455078125,-5751.6044921875,9716.0,9716.0,97.74647887323944,0,0.0,0,0.0,0.8723001480102539,0.5298367142677307,0.6561030745506287,0.0,0.024800222367048264,0.033032212406396866,0.006117493379861116,2.228801531600766e-05,2.3549278012069408e-06,0.0005372698651626706,0.0005897090304642916,3.3102970123291016,1.412285327911377,0.002244778908789158,0.0007440084591507912
big_19_21,G77,500,0.8704501390457153,1.1488308906555176,0.7503751516342163,-13839.322265625,-13839.427734375,5819.5283203125,5848.275390625,2972.966796875,-5432.07958984375,9720.0,9720.0,97.78672032193158,0,0.0,0,0.0,0.8812990784645081,0.5170823335647583,0.677007794380188,0.0,0.024729911237955093,0.0315541997551918,0.006561365909874439,2.136616240022704e-05,2.6323561996832723e-06,0.0005989992059767246,0.0005050841718912125,3.3719029426574707,1.4505211114883423,0.0022945678792893887,0.0007545588305220008
big_19_21,G77,550,0.8414371609687805,1.1884428262710571,0.7253626585006714,-13581.939453125,-13582.0419921875,6109.912109375,6138.974609375,2795.2373046875,-5120.1142578125,9720.0,9720.0,97.78672032193158,0,0.0,0,0.0,0.8897157907485962,0.5041925311088562,0.696554958820343,0.0,0.024843191727995872,0.03037375584244728,0.006916239857673645,2.064427280856762e-05,2.8506171929620905e-06,0.0004504636162891984,0.00011274893768131733,3.447585105895996,1.4902182817459106,0.002353892894461751,0.000765003904234618
big_19_21,G77,600,0.8124241828918457,1.230884075164795,0.7003501653671265,-13334.087890625,-13334.1904296875,6386.189453125,6415.5244140625,2624.38720703125,-4815.88525390625,9720.0,9720.0,97.78672032193158,0,0.0,0,0.0,0.8975852727890015,0.4911711513996124,0.7148551940917969,0.0,0.025008928030729294,0.029408035799860954,0.007168939802795649,2.0052459149155766e-05,2.980725639645243e-06,0.000571195618249476,0.0002825218252837658,3.530479907989502,1.5108100175857544,0.002418664749711752,0.0007665343000553548
big_19_21,G77,650,0.7834111452102661,1.2764689922332764,0.6753376722335815,-13095.6494140625,-13095.751953125,6648.6064453125,6678.193359375,2460.516845703125,-4519.5478515625,9720.0,9720.0,97.78672032193158,0,0.0,0,0.0,0.9049299359321594,0.47801995277404785,0.7319915294647217,0.0,0.025219308212399483,0.02861238829791546,0.007424804847687483,1.9558059648261406e-05,3.110260195171577e-06,0.0008417555363848805,0.00038396939635276794,3.6222758293151855,1.5276693105697632,0.0024876855313777924,0.000770910526625812
big_19_21,G77,700,0.7543981075286865,1.3255600929260254,0.6503251791000366,-12866.48046875,-12866.58203125,6897.3408203125,6927.177734375,2303.77783203125,-4231.2763671875,9720.0,9720.0,97.78672032193158,0,0.0,0,0.0,0.9117683172225952,0.4647429287433624,0.7480279207229614,0.0,0.025498325005173683,0.027850963175296783,0.007537884172052145,1.912403058668133e-05,3.1786980798642617e-06,0.00025200334494002163,0.00012302515096962452,3.7121551036834717,1.527430534362793,0.002558430889621377,0.0007698325789533556
big_19_21,G77,750,0.7253851294517517,1.3785780668258667,0.6253126859664917,-12646.4296875,-12646.53125,7132.66015625,7162.6689453125,2154.31396484375,-3951.16357421875,9720.0,9720.0,97.78672032193158,0,0.0,0,0.0,0.9181186556816101,0.4513357877731323,0.7630476355552673,0.0,0.02624330297112465,0.027203921228647232,0.007632179651409388,1.8743949112831615e-05,3.2341292808268918e-06,0.00025676953373476863,7.445701339747757e-05,3.8062727451324463,1.524367332458496,0.0026312440168112516,0.0007674525259062648
big_19_21,G77,800,0.6963721513748169,1.4360138177871704,0.600300133228302,-12435.333984375,-12435.435546875,7354.85791015625,7384.9951171875,2012.2012939453125,-3679.33740234375,9720.0,9720.0,97.78672032193158,0,0.0,0,0.0,0.924001932144165,0.4377973675727844,0.7771206498146057,0.0,0.02681417390704155,0.02660469524562359,0.007748023606836796,1.839832475525327e-05,3.280979171904619e-06,0.00024160837347153574,0.0001039671478793025,3.8990530967712402,1.5354830026626587,0.0027046992909163237,0.0007678212132304907
big_19_21,G77,850,0.6673591136932373,1.498443603515625,0.5752876400947571,-12233.0341796875,-12233.13671875,7564.28759765625,7594.5361328125,1877.48486328125,-3415.892333984375,9720.0,9720.0,97.78672032193158,0,0.0,0,0.0,0.9294394850730896,0.42412227392196655,0.790316104888916,0.0,0.027559708803892136,0.026036765426397324,0.00782618299126625,1.8075470507028513e-05,3.3164199066959554e-06,0.0001593043707543984,7.488485425710678e-05,3.9915804862976074,1.5303895473480225,0.0027781508397310972,0.0007673418731428683
big_19_21,G77,900,0.6383461356163025,1.566548228263855,0.5502750873565674,-12039.3583984375,-12039.4609375,7761.3076171875,7791.6396484375,1750.182861328125,-3160.9306640625,9720.0,9720.0,97.78672032193158,0,0.0,0,0.0,0.9344524145126343,0.4103052616119385,0.8026946187019348,0.017293525859713554,0.02813783474266529,0.025496309623122215,0.007846197113394737,1.7766189557733014e-05,3.3189382975251647e-06,0.00019311223877593875,7.60445836931467e-05,4.081897258758545,1.5234376192092896,0.002850502962246537,0.0007628155872225761
big_19_21,G77,950,0.6093330979347229,1.6411384344100952,0.5252625942230225,-11854.142578125,-11854.244140625,7946.3115234375,7976.693359375,1630.275390625,-2914.5517578125,9720.0,9720.0,97.78672032193158,0,0.0,0,0.0,0.9390620589256287,0.39633941650390625,0.8143055438995361,0.17000055313110352,0.028915736824274063,0.0249649528414011,0.007867801003158092,1.7459959053667262e-05,3.3167134461109526e-06,0.00019995051843579859,7.536262273788452e-05,4.169283390045166,1.516424536705017,0.0029206115286797285,0.0007589393062517047
big_19_21,G77,1000,0.5803201198577881,1.7231868505477905,0.5002501010894775,-11677.2109375,-11677.3134765625,8119.66259765625,8150.1259765625,1517.7366943359375,-2676.878173828125,9720.0,9720.0,97.78672032193158,0,0.0,0,0.0,0.9432889223098755,0.38221997022628784,0.8251981139183044,0.3010580241680145,0.029859375208616257,0.02443467639386654,0.007854667492210865,1.7149746781797148e-05,3.3060657642636215e-06,0.00012041290756314993,8.809193968772888e-05,4.251412391662598,1.5032819509506226,0.002987250220030546,0.000753753527533263
big_19_21,G77,1050,0.5513070821762085,1.813871145248413,0.4752376079559326,-11508.3994140625,-11508.5009765625,8281.7265625,8312.27734375,1412.5439453125,-2448.02978515625,9720.0,9720.0,97.78672032193158,0,0.0,0,0.0,0.947151243686676,0.3679407835006714,0.8354030847549438,0.3458057940006256,0.030695311725139618,0.023903541266918182,0.007906544953584671,1.683050868450664e-05,3.307107363070827e-06,7.272621587617323e-05,7.691280916333199e-05,4.328589916229248,1.5027921199798584,0.003049567574635148,0.0007518845959566534
big_19_21,G77,1100,0.5222941040992737,1.9146300554275513,0.4502251148223877,-11347.5380859375,-11347.6396484375,8432.865234375,8463.5,1314.6571044921875,-2228.13623046875,9720.0,9720.0,97.78672032193158,0,0.0,0,0.0,0.9506668448448181,0.35349559783935547,0.8449587225914001,0.4000781178474426,0.031227678060531616,0.023364832624793053,0.007904654368758202,1.64978137036087e-05,3.293379677415942e-06,8.909516327548772e-05,7.50785693526268e-05,4.39940881729126,1.493251085281372,0.003106531919911504,0.0007472644210793078
big_19_21,G77,1150,0.4932810664176941,2.0272417068481445,0.425212562084198,-11194.4609375,-11194.5615234375,8573.4375,8604.11328125,1224.0048828125,-2017.3441162109375,9720.0,9720.0,97.78672032193158,0,0.0,0,0.0,0.9538551568984985,0.33887994289398193,0.8539020419120789,0.4395250976085663,0.0317070297896862,0.022814610973000526,0.007859519682824612,1.6147843780345283e-05,3.250570671298192e-06,8.506819722242653e-05,6.984220817685127e-05,4.462902545928955,1.4750868082046509,0.003157172817736864,0.0007387149380519986
big_19_21,G77,1200,0.4642680883407593,2.15392804145813,0.4002000689506531,-11049.005859375,-11049.10546875,8703.82421875,8734.55078125,1140.473388671875,-1815.7958984375,9720.0,9720.0,97.78672032193158,0,0.0,0,0.0,0.9567368030548096,0.3240872025489807,0.862267017364502,0.5310418605804443,0.03202678635716438,0.02225404791533947,0.007841384969651699,1.5778590750414878e-05,3.2235293474514037e-06,0.00024168270465452224,7.281405851244926e-05,4.518770217895508,1.463874340057373,0.003200622508302331,0.0007332867244258523
big_19_21,G77,1250,0.4352550506591797,2.2975034713745117,0.37518757581710815,-10911.015625,-10911.11328125,8824.396484375,8855.130859375,1063.8955078125,-1623.650634765625,9720.0,9720.0,97.78672032193158,0,0.0,0,0.0,0.9593331217765808,0.30911216139793396,0.8700785636901855,0.55338054895401,0.032612163573503494,0.021671537309885025,0.007892167195677757,1.5386071027023718e-05,3.223177600375493e-06,0.0001083404422388412,7.448880933225155e-05,4.564756870269775,1.4637700319290161,0.003235689364373684,0.0007327782805077732
big_19_21,G77,1300,0.4062420725822449,2.4615864753723145,0.35017526149749756,-10780.337890625,-10780.43359375,8935.5458984375,8966.263671875,994.031005859375,-1441.0709228515625,9720.0,9720.0,97.78672032193158,0,0.0,0,0.0,0.9616667628288269,0.2939489483833313,0.8773603439331055,0.580192506313324,0.03317913040518761,0.021065831184387207,0.007910637184977531,1.4968481991672888e-05,3.197431624357705e-06,0.00011116686800960451,8.368515409529209e-05,4.599366188049316,1.4581865072250366,0.003261309117078781,0.0007286944892257452
big_19_21,G77,1350,0.3772290349006653,2.650909423828125,0.3251709043979645,-10656.857421875,-10656.951171875,9037.630859375,9068.341796875,930.5523681640625,-1268.28857421875,9720.0,9720.0,97.78672032193158,0,0.0,0,0.0,0.9637619853019714,0.27859821915626526,0.88413006067276,0.6094475388526917,0.03434653952717781,0.02043319307267666,0.007942361757159233,1.4527471648762003e-05,3.179266059305519e-06,8.427939610555768e-05,7.90799967944622e-05,4.621372222900391,1.4552626609802246,0.003277044976130128,0.0007262612925842404
big_19_21,G77,1400,0.34821605682373047,2.8717801570892334,0.3003411889076233,-10541.0546875,-10541.14453125,9130.587890625,9161.26171875,872.9203491210938,-1106.5916748046875,9720.0,9720.0,97.78672032193158,0,0.0,0,0.0,0.9656516909599304,0.2631749212741852,0.8903685808181763,0.6269810199737549,0.03748270124197006,0.019783757627010345,0.008027472533285618,1.4078850654186681e-05,3.1881725135463057e-06,4.0536335291108117e-05,8.115149103105068e-05,4.631354808807373,1.460343360900879,0.0032849416602402925,0.0007257685647346079
big_19_21,G77,1450,0.3192030191421509,3.1328024864196777,0.277316153049469,-10438.3779296875,-10438.4658203125,9210.7041015625,9241.330078125,819.1180419921875,-966.296875,9720.0,9720.0,97.78672032193158,0,0.0,0,0.0,0.9674704074859619,0.24888993799686432,0.8958000540733337,0.817816972732544,0.039893414825201035,0.01917826011776924,0.008276096545159817,1.3761664376943372e-05,3.2633813589200145e-06,3.717706567840651e-05,7.52047635614872e-05,4.640532970428467,1.4794373512268066,0.0033109087962657213,0.0007139532244764268
big_19_21,G77,1500,0.29019004106521606,3.4460177421569824,0.2625235319137573,-10369.15234375,-10369.2421875,9263.962890625,9294.5078125,760.1065673828125,-884.7030029296875,9720.0,9720.0,97.78672032193158,0,0.0,0,0.0,0.9698557257652283,0.2407139390707016,0.8994531035423279,0.8561830520629883,0.04094754531979561,0.019008630886673927,0.008925611153244972,1.396192419633735e-05,3.6034887216374045e-06,3.969315730500966e-05,7.708952762186527e-05,4.729477882385254,1.5853593349456787,0.0034499107860028744,0.0007140640518628061
big_19_21,G77,1550,0.26117706298828125,3.82882022857666,0.26034680008888245,-10345.5107421875,-10345.6083984375,9284.0869140625,9314.50390625,680.1384887695312,-883.8843994140625,9720.0,9720.0,97.78672032193158,0,0.0,0,0.0,0.9738308787345886,0.24250191450119019,0.9009415507316589,0.8585881590843201,0.04143024608492851,0.019462091848254204,0.009830948896706104,1.427604911441449e-05,4.1687771954457276e-06,4.00558092223946e-05,7.681036368012428e-05,5.021010875701904,1.807297706604004,0.0036697648465633392,0.000810848840046674
big_19_21,G77,1600,0.23216402530670166,4.307299613952637,0.25009971857070923,-10297.0849609375,-10297.1708984375,9322.564453125,9352.8818359375,593.7974243164062,-836.7482299804688,9720.0,9720.0,97.78672032193158,0,0.0,0,0.0,0.9781561493873596,0.23897558450698853,0.9036967158317566,0.860964834690094,0.042015623301267624,0.017897266894578934,0.00842322874814272,1.3053538168605883e-05,3.5116358958475757e-06,5.101006536278874e-05,9.081140160560608e-05,4.874395370483398,1.600556492805481,0.0035468447022140026,0.0008034873753786087
big_19_21,G77,1650,0.20315104722976685,4.922445774078369,0.2105179876089096,-10158.912109375,-10158.984375,9419.76953125,9450.4560546875,549.1434326171875,-627.6566162109375,9720.0,9720.0,97.78672032193158,0,0.0,0,0.0,0.9798179268836975,0.21296337246894836,0.9101044535636902,0.8626043200492859,0.04330747574567795,0.016811374574899673,0.007581702433526516,1.219924433826236e-05,2.6961815819959156e-06,4.422233541845344e-05,9.510410018265247e-05,4.601011276245117,1.6519829034805298,0.0033032172359526157,0.0009388163452968001
big_19_21,G77,1700,0.17413800954818726,5.742571830749512,0.16261200606822968,-10015.3349609375,-10015.4140625,9513.958984375,9544.916015625,555.5145263671875,-404.7188720703125,9720.0,9720.0,97.78672032193158,0,0.0,0,0.0,0.9782904386520386,0.17777585983276367,0.9157695174217224,0.8659157156944275,0.04593805596232414,0.017084619030356407,0.008535878732800484,1.2305197742534801e-05,2.9027919481450226e-06,4.79012232972309e-05,9.562855120748281e-05,4.861410140991211,1.7107305526733398,0.0034868710208684206,0.0009140368201769888
big_19_21,G77,1750,0.14512503147125244,6.890610218048096,0.12727773189544678,-9921.5908203125,-9921.6650390625,9571.3232421875,9602.3505859375,571.750732421875,-267.3662414550781,9720.0,9720.0,97.78672032193158,0,0.0,0,0.0,0.9759645462036133,0.15004658699035645,0.9185790419578552,0.8885284662246704,0.04962555691599846,0.016126669943332672,0.008817995898425579,1.143785902968375e-05,3.0563005566364154e-06,5.838348442921415e-05,8.946459274739027e-05,4.763543605804443,1.7141114473342896,0.0033733577001839876,0.0008367034024558961
big_19_21,G77,1800,0.11611199378967285,8.612374305725098,0.10024542361497879,-9855.79296875,-9855.865234375,9608.404296875,9639.5888671875,569.427978515625,-181.3437042236328,9720.0,9720.0,97.78672032193158,0,0.0,0,0.0,0.9749458432197571,0.1292140930891037,0.9197552800178528,0.910097062587738,0.052210938185453415,0.015707023441791534,0.008987808600068092,1.0614296115818433e-05,3.1746360491524683e-06,6.508658407256007e-05,9.824242442846298e-05,4.755438327789307,1.7808144092559814,0.003215223550796509,0.0008318200707435608
big_19_21,G77,1850,0.08709895610809326,11.481193542480469,0.07504609227180481,-9800.642578125,-9800.708984375,9636.017578125,9667.376953125,557.6860961914062,-116.1180191040039,9720.0,9720.0,97.78672032193158,0,0.0,0,0.0,0.974777340888977,0.11052066087722778,0.9202530384063721,0.9165546894073486,0.05351227521896362,0.014758379198610783,0.009080357849597931,9.864001185633242e-06,3.171857997585903e-06,6.303402915364131e-05,8.722167694941163e-05,4.647831439971924,1.7229398488998413,0.003076371271163225,0.0008063839632086456
big_19_21,G77,1900,0.05808603763580322,17.21584129333496,0.050025176256895065,-9752.1806640625,-9752.23828125,9655.9345703125,9687.4228515625,546.0824584960938,-64.5836410522461,9720.0,9720.0,97.78672032193158,0,0.0,0,0.0,0.9748159646987915,0.09221590310335159,0.9207529425621033,0.9193481802940369,0.053729910403490067,0.013462099246680737,0.009270595386624336,9.14649081096286e-06,3.18499428431096e-06,5.942357165622525e-05,8.662760956212878e-05,4.365963459014893,1.7026876211166382,0.002933995332568884,0.0007862417842261493
big_19_21,G77,1950,0.029072999954223633,34.396175384521484,0.02501249499619007,-9709.9873046875,-9710.037109375,9668.552734375,9700.099609375,536.0759887695312,-25.89867401123047,9720.0,9720.0,97.78672032193158,0,0.0,0,0.0,0.9749225378036499,0.07395924627780914,0.9217386841773987,0.9195781350135803,0.05359933152794838,0.012346004135906696,0.009520196355879307,8.50777178129647e-06,3.14120279654162e-06,4.3801399442600086e-05,8.770965359872207e-05,4.109203338623047,1.7489304542541504,0.002805881667882204,0.0007977357599884272
big_19_21,G77,2000,5.999999848427251e-05,16666.66796875,0.0,-9674.37109375,-9674.43359375,9674.40234375,9705.9736328125,527.211181640625,0.0,9720.0,9720.0,97.78672032193158,0,0.0,0,0.0,0.9750853180885315,0.052657850086688995,0.9322652816772461,0.919590950012207,0.03539508953690529,0.011125952005386353,0.016475092619657516,7.874099537730217e-06,4.53290385848959e-06,2.0285662685637362e-05,0.0001958495267899707,3.8314199447631836,10.452409744262695,0.002675483236089349,0.0023718206211924553
big_19_21,G81,1,1.159999966621399,0.8620690107345581,1.0,-16296.84375,-16302.763671875,17.0,17.00000762939453,13861.8828125,-205.98068237304688,138.0,138.0,0.9815078236130867,0,0.0,0,0.0,0.010301384143531322,0.010299033485352993,0.0002130166976712644,0.0,1.0,0.12230852246284485,0.0012498776195570827,7.644278957741335e-05,6.233131557564775e-07,7.681687566218898e-05,3.825133717327844e-06,47.993465423583984,46.02775573730469,0.029995916411280632,0.028641603887081146
big_19_21,G81,50,1.1315672397613525,0.8837300539016724,0.9754877686500549,-16682.34375,-16720.796875,17.0,17.0,13833.9794921875,-1049.720458984375,846.0,1400.0,9.95732574679943,0,0.0,0,0.0,0.053804922848939896,0.053804900497198105,3.929023660020903e-05,0.0,1.0,0.5619832277297974,0.0004939202917739749,0.00035123940324410796,2.6045967160825967e-07,0.0003527008229866624,1.0138310244656168e-06,67.2339859008789,1.7597763538360596,0.042021237313747406,0.0009452227386645973
big_19_21,G81,100,1.102554202079773,0.9069848656654358,0.9504752159118652,-20925.111328125,-21040.728515625,16.99153709411621,16.992233276367188,12260.701171875,-7505.6484375,-3378.0,1538.0,10.938833570412518,0,0.0,0,0.0,0.3948385715484619,0.3948366045951843,0.000992132117971778,0.0,1.0,1.49269700050354,0.01827150024473667,0.0009329355088993907,9.135424988926388e-06,0.000934178358875215,5.625168705591932e-05,78.19438171386719,8.417519569396973,0.0488714836537838,0.004241257440298796
big_19_21,G81,150,1.0735411643981934,0.9314966797828674,0.9254627227783203,-22297.599609375,-22311.345703125,2430.6630859375,2465.28076171875,8272.828125,-10999.4609375,13598.0,13598.0,96.71408250355618,0,0.0,0,0.0,0.7101900577545166,0.5942681431770325,0.3515568971633911,0.0,0.04615585878491402,0.5194635391235352,0.32004618644714355,0.00026453792816028,0.00011043198173865676,0.0008428554865531623,0.0011625946499407291,23.8546142578125,32.98306655883789,0.013244232162833214,0.015348275192081928
big_19_21,G81,200,1.0445282459259033,0.9573699831962585,0.9004502296447754,-22102.90234375,-22104.9453125,4664.7509765625,4707.1416015625,6507.7822265625,-10642.630859375,13670.0,13674.0,97.25462304409673,0,0.0,0,0.0,0.7956742644309998,0.5909616947174072,0.4939720630645752,0.0,0.030994530767202377,0.1648850291967392,0.037170082330703735,8.855918713379651e-05,1.0350250704505015e-05,0.0006018625572323799,0.001466721179895103,12.53184986114502,4.284079551696777,0.006737580522894859,0.0021268383134156466
big_19_21,G81,250,1.0155152082443237,0.984721839427948,0.8754377365112305,-21682.29296875,-21682.73828125,5659.19384765625,5703.8857421875,5788.4873046875,-10145.2490234375,13690.0,13690.0,97.36842105263158,0,0.0,0,0.0,0.8250386714935303,0.5794386267662048,0.5485641956329346,0.0,0.027714451774954796,0.07576238363981247,0.005816414952278137,4.132273170398548e-05,1.549822172819404e-06,0.0005908338353037834,0.0012770764296874404,5.955899238586426,1.7834442853927612,0.0032736053690314293,0.0009155111038126051
big_19_21,G81,300,0.9865021705627441,1.01368248462677,0.8504252433776855,-21249.037109375,-21249.267578125,6280.35498046875,6325.552734375,5392.1943359375,-9649.5,13698.0,13698.0,97.42532005689901,0,0.0,0,0.0,0.8403014540672302,0.5673338770866394,0.5814601182937622,0.0,0.02617851458489895,0.0533868633210659,0.006049862131476402,2.947733082692139e-05,1.5808614080015104e-06,0.0008682546322233975,0.0013173543848097324,4.348499298095703,1.6572232246398926,0.002415355294942856,0.0007836983422748744
big_19_21,G81,350,0.9574891924858093,1.0443981885910034,0.8254126906394958,-20826.37109375,-20826.548828125,6802.4091796875,6847.81689453125,5077.4375,-9162.548828125,13706.0,13706.0,97.48221906116643,0,0.0,0,0.0,0.8520176410675049,0.5550283789634705,0.6084058284759521,0.0,0.025227343663573265,0.04564712569117546,0.005923542659729719,2.5463628844590858e-05,1.7566769656696124e-06,0.00046034445404075086,0.0005557057447731495,3.971750020980835,1.588721752166748,0.0022278001997619867,0.0007389423553831875
big_19_21,G81,400,0.9284762144088745,1.077033519744873,0.8004001975059509,-20417.060546875,-20417.22265625,7284.6787109375,7330.3818359375,4789.48388671875,-8685.623046875,13712.0,13712.0,97.52489331436699,0,0.0,0,0.0,0.8624235987663269,0.5425799489021301,0.632664144039154,0.0,0.02463046833872795,0.04188148304820061,0.006555128376930952,2.3500771931139752e-05,1.9679641809489112e-06,0.0007286653271876276,0.0010608530137687922,3.915072441101074,1.622944951057434,0.0022089332342147827,0.0007265446474775672
big_19_21,G81,450,0.8994631767272949,1.111774206161499,0.775387704372406,-20021.5546875,-20021.7109375,7741.171875,7787.1318359375,4515.564453125,-8218.953125,13720.0,13720.0,97.58179231863443,0,0.0,0,0.0,0.8720354437828064,0.5299899578094482,0.6550722718238831,0.0,0.024473046883940697,0.039459556341171265,0.007216541096568108,2.225118259957526e-05,2.314675157322199e-06,0.00044978156802244484,0.0008094483055174351,3.954447031021118,1.668691873550415,0.0022404936607927084,0.0007382831536233425
big_19_21,G81,500,0.8704501390457153,1.1488308906555176,0.7503751516342163,-19639.87109375,-19640.01953125,8175.716796875,8221.958984375,4252.3994140625,-7762.802734375,13722.0,13722.0,97.59601706970128,0,0.0,0,0.0,0.8810057640075684,0.5172613859176636,0.6759495139122009,0.0,0.024477344006299973,0.03771698474884033,0.007721637841314077,2.133858833985869e-05,2.5843496587185655e-06,0.0007013935246504843,0.0004057786427438259,4.0286545753479,1.7348549365997314,0.002290979726240039,0.0007485488313250244
big_19_21,G81,550,0.8414371609687805,1.1884428262710571,0.7253626585006714,-19271.921875,-19272.0703125,8589.615234375,8636.115234375,3999.1572265625,-7317.4150390625,13732.0,13732.0,97.66714082503556,0,0.0,0,0.0,0.8893961906433105,0.5043969750404358,0.6954631805419922,0.0,0.024714453145861626,0.03628721460700035,0.008179636672139168,2.0619021597667597e-05,2.8036358798999572e-06,0.00018689942953642458,0.0002940678969025612,4.118838787078857,1.7692437171936035,0.0023506036959588528,0.0007585828425362706
big_19_21,G81,600,0.8124241828918457,1.230884075164795,0.7003501653671265,-18917.5625,-18917.70703125,8983.41796875,9030.275390625,3755.719970703125,-6883.0517578125,13736.0,13736.0,97.69559032716927,0,0.0,0,0.0,0.8972411751747131,0.4914007782936096,0.7137271165847778,0.0,0.024974217638373375,0.0351790152490139,0.00855346117168665,2.00339582079323e-05,2.9572843232017476e-06,0.0006932903779670596,0.0006752649787813425,4.221684455871582,1.806612491607666,0.002415972063317895,0.0007629180909134448
big_19_21,G81,650,0.7834111452102661,1.2764689922332764,0.6753376722335815,-18576.62109375,-18576.767578125,9357.4326171875,9404.79296875,3522.251953125,-6459.962890625,13736.0,13736.0,97.69559032716927,0,0.0,0,0.0,0.9045621752738953,0.47827649116516113,0.730816662311554,0.0,0.025437109172344208,0.03415071591734886,0.008799477480351925,1.953192986547947e-05,3.0834885365038645e-06,0.0002801630471367389,0.00045750592835247517,4.327016830444336,1.814725637435913,0.0024841667618602514,0.0007668481557630002
big_19_21,G81,700,0.7543981075286865,1.3255600929260254,0.6503251791000366,-18248.87890625,-18249.025390625,9711.9189453125,9759.814453125,3298.99560546875,-6048.3515625,13736.0,13736.0,97.69559032716927,0,0.0,0,0.0,0.9113766551017761,0.4650251865386963,0.7468121647834778,0.0,0.025821484625339508,0.033320169895887375,0.008969268761575222,1.9102879377896897e-05,3.1540560030407505e-06,0.0006637903861701488,0.0003426414914429188,4.438285827636719,1.827393889427185,0.002555007580667734,0.0007658243994228542
big_19_21,G81,750,0.7253851294517517,1.3785780668258667,0.6253126859664917,-17934.1328125,-17934.27734375,10047.212890625,10095.6103515625,3086.12158203125,-5648.43701171875,13736.0,13736.0,97.69559032716927,0,0.0,0,0.0,0.9177044630050659,0.451649010181427,0.7617827653884888,0.0,0.02623906172811985,0.032493706792593,0.009136396460235119,1.8715867554419674e-05,3.229300546081504e-06,0.00021586190268862993,0.00035341817419975996,4.546018123626709,1.8228378295898438,0.0026269000954926014,0.0007668451871722937
big_19_21,G81,800,0.6963721513748169,1.4360138177871704,0.600300133228302,-17632.13671875,-17632.28125,10363.7255859375,10412.6455078125,2883.827880859375,-5260.33935546875,13736.0,13736.0,97.69559032716927,0,0.0,0,0.0,0.9235625863075256,0.43814247846603394,0.7757956385612488,0.0,0.026865234598517418,0.03178836405277252,0.009272610768675804,1.837080708355643e-05,3.2757557164586615e-06,0.0003867613268084824,0.0004789169179275632,4.657525539398193,1.831729531288147,0.0027001311536878347,0.000767091172747314
big_19_21,G81,850,0.6673591136932373,1.498443603515625,0.5752876400947571,-17342.671875,-17342.8203125,10662.0048828125,10711.4794921875,2692.115234375,-4884.2060546875,13736.0,13736.0,97.69559032716927,0,0.0,0,0.0,0.928974986076355,0.4245011508464813,0.7889195084571838,0.0,0.027590233832597733,0.03110385686159134,0.009288672357797623,1.804729072318878e-05,3.287931804152322e-06,0.0001491744042141363,0.000292142853140831,4.767754554748535,1.8177286386489868,0.0027733282186090946,0.0007625988801009953
big_19_21,G81,900,0.6383461356163025,1.566548228263855,0.5502750873565674,-17065.484375,-17065.6328125,10942.5439453125,10992.5771484375,2511.025390625,-4520.1845703125,13736.0,13736.0,97.69559032716927,0,0.0,0,0.0,0.9339619874954224,0.4107204079627991,0.8012198805809021,0.018455859273672104,0.028286326676607132,0.030453212559223175,0.009295159950852394,1.7734922948875464e-05,3.285298134869663e-06,7.976106280693784e-05,7.21001997590065e-05,4.875163555145264,1.8056594133377075,0.002845034236088395,0.0007572355098091066
big_19_21,G81,950,0.6093330979347229,1.6411384344100952,0.5252625942230225,-16800.3359375,-16800.484375,11205.880859375,11256.380859375,2340.548828125,-4168.42822265625,13736.0,13736.0,97.69559032716927,0,0.0,0,0.0,0.9385442137718201,0.3967946767807007,0.8127492070198059,0.1702609360218048,0.02924257703125477,0.029817312955856323,0.009394507855176926,1.742688073136378e-05,3.3180795071530156e-06,0.0001044079617713578,7.445341907441616e-05,4.978705406188965,1.8104320764541626,0.0029145011212676764,0.0007585203857161105
big_19_21,G81,1000,0.5803201198577881,1.7231868505477905,0.5002501010894775,-16546.982421875,-16547.12890625,11452.5556640625,11503.568359375,2180.65478515625,-3829.094482421875,13736.0,13736.0,97.69559032716927,0,0.0,0,0.0,0.9427417516708374,0.3827179968357086,0.8235487937927246,0.2982593774795532,0.030304687097668648,0.029186910018324852,0.009428831748664379,1.711582808638923e-05,3.3120657008112175e-06,0.00019174900080543011,7.523386739194393e-05,5.077480316162109,1.802229642868042,0.002980767982080579,0.0007542128441855311
big_19_21,G81,1050,0.5513070821762085,1.813871145248413,0.4752376079559326,-16305.177734375,-16305.322265625,11683.08984375,11734.6328125,2031.300048828125,-3502.361572265625,13736.0,13736.0,97.69559032716927,0,0.0,0,0.0,0.9465734362602234,0.36848530173301697,0.8336589336395264,0.3416730463504791,0.0309539046138525,0.028552578762173653,0.009386766701936722,1.6796493582660332e-05,3.286166702309856e-06,0.00011936728697037324,7.312255911529064e-05,5.169498920440674,1.785951852798462,0.003042749362066388,0.0007477868930436671
big_19_21,G81,1100,0.5222941040992737,1.9146300554275513,0.4502251148223877,-16074.68359375,-16074.8291015625,11898.041015625,11950.126953125,1892.40087890625,-3188.3974609375,13736.0,13736.0,97.69559032716927,0,0.0,0,0.0,0.9500584006309509,0.35408926010131836,0.8431153893470764,0.39706405997276306,0.031571485102176666,0.027937499806284904,0.009527181275188923,1.6465201042592525e-05,3.285266757302452e-06,0.0005555414827540517,0.0012929356889799237,5.256662368774414,1.792338490486145,0.0030996715649962425,0.0007462984067387879
big_19_21,G81,1150,0.4932810664176941,2.0272417068481445,0.425212562084198,-15855.2607421875,-15855.4033203125,12097.9267578125,12150.572265625,1763.8385009765625,-2887.40869140625,13736.0,13736.0,97.69559032716927,0,0.0,0,0.0,0.9532160758972168,0.3395252823829651,0.8519560098648071,0.4398527145385742,0.032255467027425766,0.027258004993200302,0.009393519721925259,1.6113104720716365e-05,3.245286507080891e-06,0.00033720763167366385,0.00025756482500582933,5.331051349639893,1.773946762084961,0.0031497550662606955,0.0007378545706160367
big_19_21,G81,1200,0.4642680883407593,2.15392804145813,0.4002000689506531,-15646.6728515625,-15646.814453125,12283.2841796875,12336.4521484375,1645.45263671875,-2599.5986328125,13736.0,13736.0,97.69559032716927,0,0.0,0,0.0,0.9560672640800476,0.32478734850883484,0.8602151870727539,0.5345078110694885,0.032826170325279236,0.02658410370349884,0.009434231556952,1.574165071360767e-05,3.2436707897431916e-06,0.00022423802874982357,0.0002920811530202627,5.397243976593018,1.7614809274673462,0.0031925623770803213,0.0007368171936832368
big_19_21,G81,1250,0.4352550506591797,2.2975034713745117,0.37518757581710815,-15448.685546875,-15448.8251953125,12454.638671875,12508.283203125,1537.0015869140625,-2325.19921875,13736.0,13736.0,97.69559032716927,0,0.0,0,0.0,0.958633303642273,0.30987152457237244,0.8679210543632507,0.5570034980773926,0.03333164006471634,0.025884540751576424,0.009435035288333893,1.5345918654929847e-05,3.2217062653217e-06,0.00021897877741139382,7.332372479140759e-05,5.451272010803223,1.7509933710098267,0.0032266532070934772,0.0007324418984353542
big_19_21,G81,1300,0.4062420725822449,2.4615864753723145,0.35017526149749756,-15261.0859375,-15261.22265625,12612.548828125,12666.60546875,1438.143798828125,-2064.439208984375,13736.0,13736.0,97.69559032716927,0,0.0,0,0.0,0.9609372615814209,0.29477229714393616,0.8751013278961182,0.5835214853286743,0.03393242135643959,0.025158224627375603,0.009476049803197384,1.4925301002222113e-05,3.206315568604623e-06,0.00015963392797857523,8.059386163949966e-05,5.492040157318115,1.7484229803085327,0.0032513015903532505,0.0007301010191440582
big_19_21,G81,1350,0.3772290349006653,2.650909423828125,0.3251709043979645,-15083.705078125,-15083.837890625,12757.5419921875,12811.984375,1348.39794921875,-1817.641357421875,13736.0,13736.0,97.69559032716927,0,0.0,0,0.0,0.9630037546157837,0.2794901430606842,0.8817744851112366,0.6122050881385803,0.03515546768903732,0.02439408004283905,0.009484090842306614,1.4480137906502932e-05,3.178190354446997e-06,0.0002603221801109612,7.239007391035557e-05,5.5163187980651855,1.739230751991272,0.003265772247686982,0.0007254447555169463
big_19_21,G81,1400,0.34821605682373047,2.8717801570892334,0.3003411889076233,-14917.2265625,-14917.3544921875,12889.5234375,12944.310546875,1266.98779296875,-1586.645263671875,13736.0,13736.0,97.69559032716927,0,0.0,0,0.0,0.964866578578949,0.2641404867172241,0.8879244923591614,0.6293320059776306,0.03848202899098396,0.023606138303875923,0.00960806105285883,1.4027149518369697e-05,3.191998530382989e-06,0.0001424229412805289,8.241040632128716e-05,5.525343894958496,1.748161792755127,0.003272279165685177,0.0007256708922795951
big_19_21,G81,1450,0.3192030191421509,3.1328024864196777,0.277316153049469,-14769.4677734375,-14769.5927734375,13003.2275390625,13058.314453125,1190.94970703125,-1386.209716796875,13736.0,13736.0,97.69559032716927,0,0.0,0,0.0,0.9666644334793091,0.24993307888507843,0.8932796716690063,0.8148987889289856,0.0410398431122303,0.022873440757393837,0.009883861988782883,1.3711748579225969e-05,3.2632879083394073e-06,0.0001538153737783432,8.18085391074419e-05,5.53372859954834,1.7668606042861938,0.0032977950759232044,0.0007130051380954683
big_19_21,G81,1500,0.29019004106521606,3.4460177421569824,0.2625235319137573,-14669.6171875,-14669.744140625,13078.767578125,13134.013671875,1106.943115234375,-1269.7530517578125,13736.0,13736.0,97.69559032716927,0,0.0,0,0.0,0.9690586924552917,0.24183601140975952,0.8968837857246399,0.8541792631149292,0.042271483689546585,0.02267489954829216,0.01067379117012024,1.3931557077739853e-05,3.6047583762410795e-06,0.00017792578728403896,7.804506458342075e-05,5.6396098136901855,1.894303321838379,0.0034405982587486506,0.00071312504587695
big_19_21,G81,1550,0.26117706298828125,3.82882022857666,0.26034680008888245,-14635.171875,-14635.3115234375,13107.240234375,13162.53515625,991.67041015625,-1269.0699462890625,13736.0,13736.0,97.69559032716927,0,0.0,0,0.0,0.9731127619743347,0.24372680485248566,0.898362398147583,0.856428861618042,0.04285702854394913,0.023243935778737068,0.011724106036126614,1.426865128451027e-05,4.156971954216715e-06,6.86790663166903e-05,7.796240970492363e-05,5.995187282562256,2.151961326599121,0.003666905453428626,0.0008075532969087362
big_19_21,G81,1600,0.23216402530670166,4.307299613952637,0.25009971857070923,-14565.14453125,-14565.267578125,13161.783203125,13217.091796875,866.6167602539062,-1202.286865234375,13736.0,13736.0,97.69559032716927,0,0.0,0,0.0,0.9775418639183044,0.24036149680614471,0.9011065363883972,0.8588737845420837,0.04349609091877937,0.021328341215848923,0.010043587535619736,1.3022032362641767e-05,3.5095304156129714e-06,4.39548930444289e-05,8.633022662252188e-05,5.811375617980957,1.907856822013855,0.0035400977358222008,0.0008013988262973726
big_19_21,G81,1650,0.20315104722976685,4.922445774078369,0.2105179876089096,-14366.0078125,-14366.111328125,13299.7314453125,13355.2275390625,802.9088134765625,-903.26806640625,13736.0,13736.0,97.69559032716927,0,0.0,0,0.0,0.9792159199714661,0.21453465521335602,0.9074505567550659,0.8605777025222778,0.04470273479819298,0.0200310368090868,0.009036305360496044,1.2171298294560984e-05,2.690953351702774e-06,4.0737682866165414e-05,8.559890557080507e-05,5.4772233963012695,1.9694383144378662,0.0032911470625549555,0.0009350654436275363
big_19_21,G81,1700,0.17413800954818726,5.742571830749512,0.16261200606822968,-14158.7568359375,-14158.87109375,13433.44140625,13489.0068359375,814.4647216796875,-583.599609375,13736.0,13736.0,97.69559032716927,0,0.0,0,0.0,0.977584958076477,0.17944543063640594,0.9130087494850159,0.8637027144432068,0.04758671671152115,0.020441532135009766,0.010201863944530487,1.2319201232457999e-05,2.9105078738211887e-06,4.7555931814713404e-05,9.936431888490915e-05,5.813003063201904,2.0528078079223633,0.0034894037526100874,0.0009151256526820362
big_19_21,G81,1750,0.14512503147125244,6.890610218048096,0.12727773189544678,-14023.025390625,-14023.1328125,13514.9345703125,13570.38671875,840.3727416992188,-386.23858642578125,13736.0,13736.0,97.69559032716927,0,0.0,0,0.0,0.9751247763633728,0.15173061192035675,0.915686309337616,0.8848394155502319,0.05184374749660492,0.019313739612698555,0.01054528821259737,1.1442841241660062e-05,3.0635460461780895e-06,5.83933069719933e-05,9.737815707921982e-05,5.706270694732666,2.055205821990967,0.003376227570697665,0.0008375688339583576
big_19_21,G81,1800,0.11611199378967285,8.612374305725098,0.10024542361497879,-13927.4091796875,-13927.513671875,13567.62109375,13622.845703125,838.593994140625,-262.5220947265625,13736.0,13736.0,97.69559032716927,0,0.0,0,0.0,0.9740238189697266,0.13093967735767365,0.9167592525482178,0.9068956971168518,0.05413281172513962,0.018742039799690247,0.010774459689855576,1.0581547030596994e-05,3.188524033248541e-06,6.538619345519692e-05,9.741540998220444e-05,5.678916931152344,2.126772165298462,0.00320690730586648,0.0008315938757732511
big_19_21,G81,1850,0.08709895610809326,11.481193542480469,0.07504609227180481,-13846.95703125,-13847.052734375,13606.80078125,13661.8369140625,822.5463256835938,-168.60885620117188,13736.0,13736.0,97.69559032716927,0,0.0,0,0.0,0.9738233089447021,0.11233685910701752,0.9172196984291077,0.9138335585594177,0.05537226423621178,0.01753995381295681,0.010844984091818333,9.810321898839902e-06,3.173343657181249e-06,6.443534221034497e-05,9.176420280709863e-05,5.525590419769287,2.0471158027648926,0.0030598007142543793,0.0008025686256587505
big_19_21,G81,1900,0.05808603763580322,17.21584129333496,0.050025176256895065,-13775.9794921875,-13776.060546875,13635.03515625,13689.99609375,806.2944946289062,-94.19155883789062,13736.0,13736.0,97.69559032716927,0,0.0,0,0.0,0.9738548398017883,0.09414415061473846,0.9177183508872986,0.9163120985031128,0.05563085898756981,0.015992796048521996,0.01106774527579546,9.093218977795914e-06,3.1850283903622767e-06,5.815967233502306e-05,8.738742326386273e-05,5.184511661529541,2.0289204120635986,0.0029160487465560436,0.000782747461926192
big_19_21,G81,1950,0.029072999954223633,34.396175384521484,0.02501249499619007,-13713.904296875,-13713.974609375,13652.9228515625,13707.8388671875,792.143310546875,-38.022335052490234,13736.0,13736.0,97.69559032716927,0,0.0,0,0.0,0.9739620089530945,0.0760066881775856,0.9187204837799072,0.9164479970932007,0.0554753877222538,0.014689454808831215,0.011373545043170452,8.462080586468801e-06,3.1388401566800894e-06,4.4137392251286656e-05,8.506587619194761e-05,4.886565685272217,2.088512659072876,0.002789807040244341,0.0007967260316945612
big_19_21,G81,2000,5.999999848427251e-05,16666.66796875,0.0,-13661.185546875,-13661.275390625,13661.228515625,13716.1025390625,779.5857543945312,0.0,13736.0,13736.0,97.69559032716927,0,0.0,0,0.0,0.9741248488426208,0.05474099516868591,0.9297245740890503,0.9164601564407349,0.035914450883865356,0.01323988102376461,0.019909368827939034,7.83267751103267e-06,4.60602541352273e-06,2.0655827029258944e-05,0.00019410312233958393,4.5595927238464355,12.723350524902344,0.0026610475033521652,0.0024456761311739683
