step,discrete_cut,gap,entropy
0,10212.0,3132.0,1386.1923828125
1,10212.0,3132.0,1386.1904296875
2,10215.0,3129.0,1386.188232421875
3,10215.0,3129.0,1386.1861572265625
4,10215.0,3129.0,1386.1839599609375
5,10215.0,3129.0,1386.181640625
6,10215.0,3129.0,1386.17919921875
7,10215.0,3129.0,1386.177001953125
8,10215.0,3129.0,1386.175048828125
9,10215.0,3129.0,1386.17236328125
10,10236.0,3108.0,1386.169921875
11,10236.0,3108.0,1386.1673583984375
12,10236.0,3108.0,1386.1650390625
13,10236.0,3108.0,1386.162353515625
14,10236.0,3108.0,1386.1597900390625
15,10261.0,3083.0,1386.1572265625
16,10319.0,3025.0,1386.154296875
17,10319.0,3025.0,1386.151611328125
18,10319.0,3025.0,1386.1488037109375
19,10319.0,3025.0,1386.145751953125
20,10319.0,3025.0,1386.142822265625
21,10319.0,3025.0,1386.139892578125
22,10319.0,3025.0,1386.13671875
23,10319.0,3025.0,1386.133544921875
24,10319.0,3025.0,1386.13037109375
25,10319.0,3025.0,1386.127197265625
26,10319.0,3025.0,1386.123779296875
27,10319.0,3025.0,1386.120361328125
28,10319.0,3025.0,1386.116943359375
29,10319.0,3025.0,1386.1136474609375
30,10319.0,3025.0,1386.1097412109375
31,10319.0,3025.0,1386.106201171875
32,10319.0,3025.0,1386.1021728515625
33,10319.0,3025.0,1386.0986328125
34,10319.0,3025.0,1386.0947265625
35,10319.0,3025.0,1386.090576171875
36,10319.0,3025.0,1386.0865478515625
37,10319.0,3025.0,1386.082275390625
38,10319.0,3025.0,1386.078125
39,10319.0,3025.0,1386.073974609375
40,10319.0,3025.0,1386.069580078125
41,10319.0,3025.0,1386.06494140625
42,10319.0,3025.0,1386.060546875
43,10319.0,3025.0,1386.0560302734375
44,10319.0,3025.0,1386.051025390625
45,10319.0,3025.0,1386.0462646484375
46,10319.0,3025.0,1386.041259765625
47,10319.0,3025.0,1386.036376953125
48,10319.0,3025.0,1386.03125
49,10319.0,3025.0,1386.02587890625
50,10319.0,3025.0,1386.020751953125
51,10319.0,3025.0,1386.0152587890625
52,10319.0,3025.0,1386.009521484375
53,10319.0,3025.0,1386.00390625
54,10319.0,3025.0,1385.9984130859375
55,10319.0,3025.0,1385.992431640625
56,10353.0,2991.0,1385.986328125
57,10353.0,2991.0,1385.980224609375
58,10353.0,2991.0,1385.9742431640625
59,10353.0,2991.0,1385.9677734375
60,10384.0,2960.0,1385.961181640625
61,10384.0,2960.0,1385.95458984375
62,10384.0,2960.0,1385.94775390625
63,10384.0,2960.0,1385.9410400390625
64,10400.0,2944.0,1385.9339599609375
65,10416.0,2928.0,1385.9267578125
66,10416.0,2928.0,1385.9195556640625
67,10416.0,2928.0,1385.912109375
68,10416.0,2928.0,1385.904541015625
69,10499.0,2845.0,1385.89697265625
70,10499.0,2845.0,1385.8890380859375
71,10499.0,2845.0,1385.881103515625
72,10499.0,2845.0,1385.872802734375
73,10516.0,2828.0,1385.8646240234375
74,10516.0,2828.0,1385.85595703125
75,10516.0,2828.0,1385.847412109375
76,10516.0,2828.0,1385.83837890625
77,10516.0,2828.0,1385.829345703125
78,10516.0,2828.0,1385.8203125
79,10516.0,2828.0,1385.810791015625
80,10516.0,2828.0,1385.8011474609375
81,10516.0,2828.0,1385.7916259765625
82,10516.0,2828.0,1385.7818603515625
83,10516.0,2828.0,1385.771484375
84,10516.0,2828.0,1385.76123046875
85,10516.0,2828.0,1385.750732421875
86,10516.0,2828.0,1385.739990234375
87,10516.0,2828.0,1385.72900390625
88,10516.0,2828.0,1385.718017578125
89,10516.0,2828.0,1385.70654296875
90,10516.0,2828.0,1385.6949462890625
91,10516.0,2828.0,1385.6832275390625
92,10516.0,2828.0,1385.671142578125
93,10516.0,2828.0,1385.658935546875
94,10516.0,2828.0,1385.646484375
95,10516.0,2828.0,1385.633544921875
96,10516.0,2828.0,1385.62060546875
97,10516.0,2828.0,1385.607421875
98,10516.0,2828.0,1385.593994140625
99,10516.0,2828.0,1385.580078125
100,10516.0,2828.0,1385.566162109375
101,10516.0,2828.0,1385.5517578125
102,10516.0,2828.0,1385.537109375
103,10516.0,2828.0,1385.522216796875
104,10516.0,2828.0,1385.5072021484375
105,10516.0,2828.0,1385.49169921875
106,10516.0,2828.0,1385.4759521484375
107,10516.0,2828.0,1385.4599609375
108,10516.0,2828.0,1385.443603515625
109,10516.0,2828.0,1385.4267578125
110,10516.0,2828.0,1385.4097900390625
111,10516.0,2828.0,1385.392578125
112,10516.0,2828.0,1385.374755859375
113,10516.0,2828.0,1385.3570556640625
114,10516.0,2828.0,1385.33837890625
115,10516.0,2828.0,1385.31982421875
116,10516.0,2828.0,1385.30078125
117,10516.0,2828.0,1385.28125
118,10516.0,2828.0,1385.2613525390625
119,10516.0,2828.0,1385.2412109375
120,10516.0,2828.0,1385.220703125
121,10516.0,2828.0,1385.1998291015625
122,10516.0,2828.0,1385.1783447265625
123,10516.0,2828.0,1385.1566162109375
124,10516.0,2828.0,1385.1343994140625
125,10516.0,2828.0,1385.11181640625
126,10516.0,2828.0,1385.088623046875
127,10516.0,2828.0,1385.065185546875
128,10516.0,2828.0,1385.041259765625
129,10516.0,2828.0,1385.016845703125
130,10516.0,2828.0,1384.991943359375
131,10516.0,2828.0,1384.966552734375
132,10516.0,2828.0,1384.94091796875
133,10516.0,2828.0,1384.91455078125
134,10516.0,2828.0,1384.8876953125
135,10516.0,2828.0,1384.8603515625
136,10516.0,2828.0,1384.83251953125
137,10516.0,2828.0,1384.803955078125
138,10516.0,2828.0,1384.775146484375
139,10516.0,2828.0,1384.74560546875
140,10516.0,2828.0,1384.715576171875
141,10516.0,2828.0,1384.68505859375
142,10516.0,2828.0,1384.65380859375
143,10516.0,2828.0,1384.6220703125
144,10516.0,2828.0,1384.589599609375
145,10516.0,2828.0,1384.556640625
146,10516.0,2828.0,1384.52294921875
147,10516.0,2828.0,1384.48876953125
148,10516.0,2828.0,1384.453857421875
149,10516.0,2828.0,1384.418212890625
150,10516.0,2828.0,1384.382080078125
151,10516.0,2828.0,1384.344970703125
152,10516.0,2828.0,1384.307373046875
153,10516.0,2828.0,1384.26904296875
154,10516.0,2828.0,1384.22998046875
155,10516.0,2828.0,1384.190185546875
156,10516.0,2828.0,1384.149658203125
157,10516.0,2828.0,1384.1083984375
158,10516.0,2828.0,1384.06640625
159,10516.0,2828.0,1384.0234375
160,10516.0,2828.0,1383.9798583984375
161,10516.0,2828.0,1383.9351806640625
162,10516.0,2828.0,1383.8900146484375
163,10516.0,2828.0,1383.84375
164,10516.0,2828.0,1383.796875
165,10516.0,2828.0,1383.748779296875
166,10516.0,2828.0,1383.7001953125
167,10516.0,2828.0,1383.650390625
168,10516.0,2828.0,1383.599609375
169,10516.0,2828.0,1383.5482177734375
170,10516.0,2828.0,1383.49560546875
171,10516.0,2828.0,1383.442138671875
172,10516.0,2828.0,1383.387451171875
173,10516.0,2828.0,1383.33203125
174,10516.0,2828.0,1383.275390625
175,10516.0,2828.0,1383.2177734375
176,10516.0,2828.0,1383.1591796875
177,10516.0,2828.0,1383.099365234375
178,10516.0,2828.0,1383.0384521484375
179,10516.0,2828.0,1382.9765625
180,10516.0,2828.0,1382.9134521484375
181,10516.0,2828.0,1382.8489990234375
182,10516.0,2828.0,1382.783447265625
183,10516.0,2828.0,1382.716796875
184,10516.0,2828.0,1382.6490478515625
185,10516.0,2828.0,1382.579833984375
186,10516.0,2828.0,1382.5091552734375
187,10516.0,2828.0,1382.4375
188,10516.0,2828.0,1382.3646240234375
189,10516.0,2828.0,1382.2900390625
190,10516.0,2828.0,1382.21435546875
191,10516.0,2828.0,1382.13720703125
192,10516.0,2828.0,1382.05859375
193,10516.0,2828.0,1381.978759765625
194,10516.0,2828.0,1381.897216796875
195,10516.0,2828.0,1381.814453125
196,10516.0,2828.0,1381.72998046875
197,10516.0,2828.0,1381.64404296875
198,10516.0,2828.0,1381.556396484375
199,10516.0,2828.0,1381.46728515625
200,10516.0,2828.0,1381.3765869140625
201,10516.0,2828.0,1381.2841796875
202,10516.0,2828.0,1381.190185546875
203,10516.0,2828.0,1381.0943603515625
204,10516.0,2828.0,1380.9970703125
205,10516.0,2828.0,1380.89794921875
206,10516.0,2828.0,1380.796875
207,10516.0,2828.0,1380.6939697265625
208,10516.0,2828.0,1380.5894775390625
209,10516.0,2828.0,1380.4830322265625
210,10516.0,2828.0,1380.3746337890625
211,10516.0,2828.0,1380.26416015625
212,10516.0,2828.0,1380.15185546875
213,10516.0,2828.0,1380.037353515625
214,10516.0,2828.0,1379.921142578125
215,10516.0,2828.0,1379.802734375
216,10516.0,2828.0,1379.6822509765625
217,10516.0,2828.0,1379.559326171875
218,10516.0,2828.0,1379.4345703125
219,10516.0,2828.0,1379.307373046875
220,10516.0,2828.0,1379.177978515625
221,10516.0,2828.0,1379.04638671875
222,10516.0,2828.0,1378.9124755859375
223,10516.0,2828.0,1378.776123046875
224,10516.0,2828.0,1378.637451171875
225,10516.0,2828.0,1378.4964599609375
226,10516.0,2828.0,1378.352783203125
227,10516.0,2828.0,1378.20654296875
228,10516.0,2828.0,1378.057861328125
229,10516.0,2828.0,1377.9066162109375
230,10516.0,2828.0,1377.7525634765625
231,10516.0,2828.0,1377.595947265625
232,10516.0,2828.0,1377.436767578125
233,10516.0,2828.0,1377.274658203125
234,10516.0,2828.0,1377.109619140625
235,10516.0,2828.0,1376.94189453125
236,10516.0,2828.0,1376.771240234375
237,10516.0,2828.0,1376.597412109375
238,10516.0,2828.0,1376.4208984375
239,10516.0,2828.0,1376.2412109375
240,10516.0,2828.0,1376.058349609375
241,10516.0,2828.0,1375.87255859375
242,10516.0,2828.0,1375.683349609375
243,10516.0,2828.0,1375.4910888671875
244,10516.0,2828.0,1375.29541015625
245,10516.0,2828.0,1375.0965576171875
246,10516.0,2828.0,1374.8941650390625
247,10516.0,2828.0,1374.6883544921875
248,10516.0,2828.0,1374.47900390625
249,10516.0,2828.0,1374.266357421875
250,10516.0,2828.0,1374.0498046875
251,10516.0,2828.0,1373.829833984375
252,10516.0,2828.0,1373.60595703125
253,10516.0,2828.0,1373.37841796875
254,10516.0,2828.0,1373.14697265625
255,10516.0,2828.0,1372.91162109375
256,10516.0,2828.0,1372.67236328125
257,10516.0,2828.0,1372.42919921875
258,10516.0,2828.0,1372.1820068359375
259,10516.0,2828.0,1371.930419921875
260,10516.0,2828.0,1371.675048828125
261,10516.0,2828.0,1371.4150390625
262,10516.0,2828.0,1371.1510009765625
263,10516.0,2828.0,1370.882568359375
264,10516.0,2828.0,1370.609619140625
265,10516.0,2828.0,1370.33203125
266,10516.0,2828.0,1370.050048828125
267,10516.0,2828.0,1369.763427734375
268,10516.0,2828.0,1369.47216796875
269,10516.0,2828.0,1369.176025390625
270,10516.0,2828.0,1368.875244140625
271,10516.0,2828.0,1368.5694580078125
272,10516.0,2828.0,1368.258544921875
273,10516.0,2828.0,1367.9427490234375
274,10516.0,2828.0,1367.621826171875
275,10516.0,2828.0,1367.2958984375
276,10516.0,2828.0,1366.96435546875
277,10516.0,2828.0,1366.6278076171875
278,10516.0,2828.0,1366.28564453125
279,10516.0,2828.0,1365.938232421875
280,10516.0,2828.0,1365.5849609375
281,10516.0,2828.0,1365.2264404296875
282,10516.0,2828.0,1364.86181640625
283,10516.0,2828.0,1364.49169921875
284,10516.0,2828.0,1364.1156005859375
285,10516.0,2828.0,1363.733642578125
286,10516.0,2828.0,1363.345458984375
287,10516.0,2828.0,1362.951416015625
288,10516.0,2828.0,1362.551025390625
289,10516.0,2828.0,1362.14453125
290,10516.0,2828.0,1361.7315673828125
291,10516.0,2828.0,1361.312255859375
292,10516.0,2828.0,1360.886474609375
293,10516.0,2828.0,1360.4539794921875
294,10516.0,2828.0,1360.0147705078125
295,10516.0,2828.0,1359.56884765625
296,10516.0,2828.0,1359.1162109375
297,10516.0,2828.0,1358.656494140625
298,10516.0,2828.0,1358.189697265625
299,10516.0,2828.0,1357.7158203125
300,10516.0,2828.0,1357.2347412109375
301,10516.0,2828.0,1356.7464599609375
302,10516.0,2828.0,1356.2508544921875
303,10516.0,2828.0,1355.7474365234375
304,10516.0,2828.0,1355.236572265625
305,10516.0,2828.0,1354.7181396484375
306,10516.0,2828.0,1354.19189453125
307,10516.0,2828.0,1353.6578369140625
308,10516.0,2828.0,1353.1158447265625
309,10516.0,2828.0,1352.5655517578125
310,10516.0,2828.0,1352.0074462890625
311,10516.0,2828.0,1351.4410400390625
312,10516.0,2828.0,1350.8662109375
313,10516.0,2828.0,1350.282958984375
314,10516.0,2828.0,1349.691162109375
315,10516.0,2828.0,1349.090576171875
316,10516.0,2828.0,1348.4815673828125
317,10516.0,2828.0,1347.863525390625
318,10516.0,2828.0,1347.2366943359375
319,10516.0,2828.0,1346.600830078125
320,10516.0,2828.0,1345.955810546875
321,10516.0,2828.0,1345.301513671875
322,10516.0,2828.0,1344.6376953125
323,10516.0,2828.0,1343.9647216796875
324,10516.0,2828.0,1343.2821044921875
325,10516.0,2828.0,1342.58984375
326,10516.0,2828.0,1341.8878173828125
327,10516.0,2828.0,1341.176025390625
328,10516.0,2828.0,1340.4541015625
329,10516.0,2828.0,1339.72216796875
330,10516.0,2828.0,1338.980224609375
331,10516.0,2828.0,1338.2276611328125
332,10516.0,2828.0,1337.4649658203125
333,10516.0,2828.0,1336.6917724609375
334,11056.0,2288.0,1335.907958984375
335,11606.0,1738.0,1335.1134033203125
336,12035.0,1309.0,1334.30810546875
337,12433.0,911.0,1333.491943359375
338,12579.0,765.0,1332.66455078125
339,12621.0,723.0,1331.826171875
340,12735.0,609.0,1330.9764404296875
341,12735.0,609.0,1330.1153564453125
342,12759.0,585.0,1329.2430419921875
343,12827.0,517.0,1328.35888671875
344,12832.0,512.0,1327.4632568359375
345,12846.0,498.0,1326.5555419921875
346,12846.0,498.0,1325.63623046875
347,12852.0,492.0,1324.7049560546875
348,12875.0,469.0,1323.7613525390625
349,12875.0,469.0,1322.8055419921875
350,12875.0,469.0,1321.837646484375
351,12875.0,469.0,1320.857177734375
352,12897.0,447.0,1319.8642578125
353,12901.0,443.0,1318.858642578125
354,12927.0,417.0,1317.8402099609375
355,12959.0,385.0,1316.80908203125
356,12984.0,360.0,1315.7652587890625
357,13012.0,332.0,1314.7086181640625
358,13026.0,318.0,1313.63916015625
359,13044.0,300.0,1312.55712890625
360,13055.0,289.0,1311.46240234375
361,13077.0,267.0,1310.355224609375
362,13085.0,259.0,1309.235595703125
363,13085.0,259.0,1308.103759765625
364,13096.0,248.0,1306.9599609375
365,13103.0,241.0,1305.803955078125
366,13105.0,239.0,1304.63623046875
367,13116.0,228.0,1303.456787109375
368,13118.0,226.0,1302.265380859375
369,13123.0,221.0,1301.062255859375
370,13132.0,212.0,1299.84716796875
371,13135.0,209.0,1298.6202392578125
372,13143.0,201.0,1297.3812255859375
373,13152.0,192.0,1296.1300048828125
374,13158.0,186.0,1294.866455078125
375,13167.0,177.0,1293.590576171875
376,13175.0,169.0,1292.302001953125
377,13178.0,166.0,1291.0008544921875
378,13183.0,161.0,1289.6866455078125
379,13191.0,153.0,1288.359619140625
380,13191.0,153.0,1287.01953125
381,13196.0,148.0,1285.6663818359375
382,13200.0,144.0,1284.300048828125
383,13204.0,140.0,1282.920654296875
384,13204.0,140.0,1281.528076171875
385,13206.0,138.0,1280.1224365234375
386,13210.0,134.0,1278.703369140625
387,13211.0,133.0,1277.27099609375
388,13218.0,126.0,1275.825439453125
389,13218.0,126.0,1274.366455078125
390,13221.0,123.0,1272.89404296875
391,13227.0,117.0,1271.407958984375
392,13230.0,114.0,1269.908203125
393,13230.0,114.0,1268.39501953125
394,13232.0,112.0,1266.86767578125
395,13232.0,112.0,1265.32666015625
396,13232.0,112.0,1263.7716064453125
397,13232.0,112.0,1262.202392578125
398,13237.0,107.0,1260.619140625
399,13237.0,107.0,1259.0218505859375
400,13238.0,106.0,1257.41015625
401,13243.0,101.0,1255.784423828125
402,13246.0,98.0,1254.1441650390625
403,13247.0,97.0,1252.48974609375
404,13247.0,97.0,1250.821044921875
405,13247.0,97.0,1249.1380615234375
406,13250.0,94.0,1247.4407958984375
407,13254.0,90.0,1245.7291259765625
408,13256.0,88.0,1244.003173828125
409,13256.0,88.0,1242.2630615234375
410,13256.0,88.0,1240.508544921875
411,13256.0,88.0,1238.73974609375
412,13256.0,88.0,1236.95654296875
413,13256.0,88.0,1235.159423828125
414,13256.0,88.0,1233.3477783203125
415,13256.0,88.0,1231.5218505859375
416,13256.0,88.0,1229.6817626953125
417,13256.0,88.0,1227.8272705078125
418,13256.0,88.0,1225.9586181640625
419,13256.0,88.0,1224.0758056640625
420,13256.0,88.0,1222.1787109375
421,13256.0,88.0,1220.2674560546875
422,13256.0,88.0,1218.342041015625
423,13256.0,88.0,1216.40234375
424,13256.0,88.0,1214.448486328125
425,13256.0,88.0,1212.4805908203125
426,13257.0,87.0,1210.49853515625
427,13257.0,87.0,1208.502197265625
428,13257.0,87.0,1206.491943359375
429,13257.0,87.0,1204.4677734375
430,13257.0,87.0,1202.429443359375
431,13257.0,87.0,1200.377197265625
432,13257.0,87.0,1198.31103515625
433,13257.0,87.0,1196.2308349609375
434,13259.0,85.0,1194.13671875
435,13259.0,85.0,1192.02880859375
436,13259.0,85.0,1189.906982421875
437,13259.0,85.0,1187.7713623046875
438,13259.0,85.0,1185.6219482421875
439,13259.0,85.0,1183.4588623046875
440,13261.0,83.0,1181.2822265625
441,13261.0,83.0,1179.091796875
442,13261.0,83.0,1176.8878173828125
443,13261.0,83.0,1174.670166015625
444,13261.0,83.0,1172.4390869140625
445,13261.0,83.0,1170.1944580078125
446,13261.0,83.0,1167.9366455078125
447,13261.0,83.0,1165.6651611328125
448,13262.0,82.0,1163.380615234375
449,13264.0,80.0,1161.082763671875
450,13264.0,80.0,1158.7716064453125
451,13264.0,80.0,1156.447509765625
452,13264.0,80.0,1154.110107421875
453,13264.0,80.0,1151.759765625
454,13265.0,79.0,1149.396484375
455,13265.0,79.0,1147.020263671875
456,13266.0,78.0,1144.6312255859375
457,13266.0,78.0,1142.2293701171875
458,13266.0,78.0,1139.81494140625
459,13266.0,78.0,1137.3878173828125
460,13266.0,78.0,1134.947998046875
461,13266.0,78.0,1132.495849609375
462,13266.0,78.0,1130.03125
463,13266.0,78.0,1127.55419921875
464,13266.0,78.0,1125.06494140625
465,13266.0,78.0,1122.5633544921875
466,13266.0,78.0,1120.0498046875
467,13266.0,78.0,1117.5240478515625
468,13267.0,77.0,1114.9864501953125
469,13267.0,77.0,1112.43701171875
470,13267.0,77.0,1109.8756103515625
471,13267.0,77.0,1107.302490234375
472,13267.0,77.0,1104.7177734375
473,13267.0,77.0,1102.12158203125
474,13267.0,77.0,1099.5137939453125
475,13267.0,77.0,1096.8946533203125
476,13267.0,77.0,1094.26416015625
477,13267.0,77.0,1091.62255859375
478,13267.0,77.0,1088.9696044921875
479,13267.0,77.0,1086.3057861328125
480,13267.0,77.0,1083.6309814453125
481,13267.0,77.0,1080.9454345703125
482,13267.0,77.0,1078.2490234375
483,13267.0,77.0,1075.5418701171875
484,13267.0,77.0,1072.82421875
485,13267.0,77.0,1070.0960693359375
486,13267.0,77.0,1067.3575439453125
487,13267.0,77.0,1064.6087646484375
488,13267.0,77.0,1061.8497314453125
489,13267.0,77.0,1059.08056640625
490,13267.0,77.0,1056.3016357421875
491,13267.0,77.0,1053.5125732421875
492,13267.0,77.0,1050.7137451171875
493,13267.0,77.0,1047.9052734375
494,13267.0,77.0,1045.087158203125
495,13267.0,77.0,1042.2596435546875
496,13269.0,75.0,1039.4228515625
497,13269.0,75.0,1036.5765380859375
498,13269.0,75.0,1033.72119140625
499,13272.0,72.0,1030.8565673828125
500,13272.0,72.0,1027.983154296875
501,13274.0,70.0,1025.1009521484375
502,13274.0,70.0,1022.2098999023438
503,13274.0,70.0,1019.3101806640624
504,13274.0,70.0,1016.4019775390624
505,13274.0,70.0,1013.4852905273438
506,13274.0,70.0,1010.560302734375
507,13274.0,70.0,1007.6270141601562
508,13274.0,70.0,1004.6857299804688
509,13274.0,70.0,1001.7363891601562
510,13274.0,70.0,998.7791748046876
511,13274.0,70.0,995.814208984375
512,13274.0,70.0,992.8416137695312
513,13274.0,70.0,989.8613891601562
514,13274.0,70.0,986.873779296875
515,13274.0,70.0,983.8787841796876
516,13274.0,70.0,980.8765869140624
517,13274.0,70.0,977.8673095703124
518,13274.0,70.0,974.8510131835938
519,13274.0,70.0,971.8278198242188
520,13274.0,70.0,968.7979736328124
521,13274.0,70.0,965.7614135742188
522,13274.0,70.0,962.7182006835938
523,13274.0,70.0,959.668701171875
524,13274.0,70.0,956.61279296875
525,13274.0,70.0,953.55078125
526,13274.0,70.0,950.4827270507812
527,13274.0,70.0,947.4086303710938
528,13274.0,70.0,944.32861328125
529,13274.0,70.0,941.242919921875
530,13275.0,69.0,938.151611328125
531,13275.0,69.0,935.0548095703124
532,13277.0,67.0,931.9525756835938
533,13277.0,67.0,928.8450927734376
534,13277.0,67.0,925.7326049804688
535,13277.0,67.0,922.6148071289062
536,13277.0,67.0,919.4921875
537,13280.0,64.0,916.364990234375
538,13280.0,64.0,913.2327880859376
539,13280.0,64.0,910.09619140625
540,13280.0,64.0,906.9550170898438
541,13280.0,64.0,903.8095703125
542,13280.0,64.0,900.6597900390625
543,13280.0,64.0,897.5059814453125
544,13280.0,64.0,894.3482055664062
545,13280.0,64.0,891.1864013671875
546,13280.0,64.0,888.02099609375
547,13280.0,64.0,884.8519287109375
548,13280.0,64.0,881.67919921875
549,13280.0,64.0,878.503173828125
550,13282.0,62.0,875.3237915039062
551,13282.0,62.0,872.1414184570312
552,13282.0,62.0,868.9556884765625
553,13282.0,62.0,865.7672119140625
554,13282.0,62.0,862.5758056640625
555,13282.0,62.0,859.381591796875
556,13283.0,61.0,856.184814453125
557,13285.0,59.0,852.985595703125
558,13285.0,59.0,849.7839965820312
559,13285.0,59.0,846.5802001953125
560,13285.0,59.0,843.3742065429688
561,13287.0,57.0,840.1660766601562
562,13287.0,57.0,836.9561157226562
563,13287.0,57.0,833.7443237304688
564,13287.0,57.0,830.5308227539062
565,13287.0,57.0,827.3157958984375
566,13287.0,57.0,824.0992431640625
567,13287.0,57.0,820.8814086914062
568,13287.0,57.0,817.6622314453125
569,13287.0,57.0,814.4420166015625
570,13287.0,57.0,811.2208251953125
571,13287.0,57.0,807.9986572265625
572,13287.0,57.0,804.7756958007812
573,13287.0,57.0,801.5521240234375
574,13287.0,57.0,798.327880859375
575,13287.0,57.0,795.1032104492188
576,13287.0,57.0,791.878173828125
577,13288.0,56.0,788.6530151367188
578,13288.0,56.0,785.4276123046875
579,13288.0,56.0,782.2022705078125
580,13288.0,56.0,778.9769287109375
581,13289.0,55.0,775.7518920898438
582,13289.0,55.0,772.527099609375
583,13289.0,55.0,769.3027954101562
584,13289.0,55.0,766.0789794921875
585,13289.0,55.0,762.8557739257812
586,13289.0,55.0,759.6333618164062
587,13289.0,55.0,756.4117431640625
588,13289.0,55.0,753.1911010742188
589,13289.0,55.0,749.9715576171875
590,13290.0,54.0,746.7531127929688
591,13290.0,54.0,743.5360107421875
592,13290.0,54.0,740.3202514648438
593,13291.0,53.0,737.1060180664062
594,13291.0,53.0,733.893310546875
595,13291.0,53.0,730.6823120117188
596,13291.0,53.0,727.47314453125
597,13291.0,53.0,724.2658081054688
598,13292.0,52.0,721.0604858398438
599,13292.0,52.0,717.8573608398438
600,13292.0,52.0,714.6563720703125
601,13292.0,52.0,711.4577026367188
602,13292.0,52.0,708.2614135742188
603,13292.0,52.0,705.067626953125
604,13292.0,52.0,701.8764038085938
605,13294.0,50.0,698.6879272460938
606,13295.0,49.0,695.5022583007812
607,13296.0,48.0,692.3195190429688
608,13296.0,48.0,689.1397705078125
609,13296.0,48.0,685.9630737304688
610,13296.0,48.0,682.7896118164062
611,13296.0,48.0,679.619384765625
612,13296.0,48.0,676.4525756835938
613,13297.0,47.0,673.2892456054688
614,13297.0,47.0,670.1294555664062
615,13297.0,47.0,666.973388671875
616,13297.0,47.0,663.8211059570312
617,13298.0,46.0,660.6726684570312
618,13298.0,46.0,657.528076171875
619,13298.0,46.0,654.3875732421875
620,13298.0,46.0,651.251220703125
621,13298.0,46.0,648.1190795898438
622,13298.0,46.0,644.9912719726562
623,13300.0,44.0,641.8678588867188
624,13300.0,44.0,638.7489013671875
625,13300.0,44.0,635.634521484375
626,13300.0,44.0,632.5247802734375
627,13300.0,44.0,629.4198608398438
628,13300.0,44.0,626.3197021484375
629,13300.0,44.0,623.224609375
630,13301.0,43.0,620.1343994140625
631,13302.0,42.0,617.04931640625
632,13303.0,41.0,613.9694213867188
633,13303.0,41.0,610.894775390625
634,13303.0,41.0,607.825439453125
635,13304.0,40.0,604.7615356445312
636,13305.0,39.0,601.7031860351562
637,13305.0,39.0,598.6505126953125
638,13305.0,39.0,595.6033935546875
639,13305.0,39.0,592.56201171875
640,13306.0,38.0,589.5264892578125
641,13306.0,38.0,586.4968872070312
642,13306.0,38.0,583.4733276367188
643,13308.0,36.0,580.455810546875
644,13308.0,36.0,577.4443969726562
645,13308.0,36.0,574.439208984375
646,13308.0,36.0,571.4403076171875
647,13308.0,36.0,568.4478149414062
648,13308.0,36.0,565.4617309570312
649,13308.0,36.0,562.482177734375
650,13308.0,36.0,559.5092163085938
651,13308.0,36.0,556.5429077148438
652,13308.0,36.0,553.5833740234375
653,13308.0,36.0,550.630615234375
654,13308.0,36.0,547.6846923828125
655,13308.0,36.0,544.7457885742188
656,13308.0,36.0,541.8138427734375
657,13308.0,36.0,538.8890380859375
658,13309.0,35.0,535.9713134765625
659,13309.0,35.0,533.0609130859375
660,13309.0,35.0,530.15771484375
661,13310.0,34.0,527.2618408203125
662,13310.0,34.0,524.3734130859375
663,13310.0,34.0,521.4924926757812
664,13310.0,34.0,518.6190795898438
665,13311.0,33.0,515.7532958984375
666,13311.0,33.0,512.8950805664062
667,13311.0,33.0,510.0447082519531
668,13311.0,33.0,507.20208740234375
669,13311.0,33.0,504.3674011230469
670,13311.0,33.0,501.5404968261719
671,13312.0,32.0,498.7215881347656
672,13312.0,32.0,495.9107360839844
673,13312.0,32.0,493.1080017089844
674,13312.0,32.0,490.3133544921875
675,13312.0,32.0,487.5268859863281
676,13312.0,32.0,484.7486877441406
677,13312.0,32.0,481.9788513183594
678,13312.0,32.0,479.21728515625
679,13312.0,32.0,476.4642639160156
680,13313.0,31.0,473.7196044921875
681,13313.0,31.0,470.98345947265625
682,13313.0,31.0,468.2558898925781
683,13313.0,31.0,465.5369873046875
684,13317.0,27.0,462.8266906738281
685,13317.0,27.0,460.1252136230469
686,13317.0,27.0,457.4324035644531
687,13317.0,27.0,454.7484130859375
688,13317.0,27.0,452.0733642578125
689,13317.0,27.0,449.4071350097656
690,13317.0,27.0,446.74993896484375
691,13317.0,27.0,444.1017150878906
692,13317.0,27.0,441.4624938964844
693,13317.0,27.0,438.83245849609375
694,13317.0,27.0,436.2114562988281
695,13317.0,27.0,433.5996398925781
696,13317.0,27.0,430.9971008300781
697,13317.0,27.0,428.40374755859375
698,13317.0,27.0,425.8197021484375
699,13317.0,27.0,423.2449951171875
700,13317.0,27.0,420.6796875
701,13317.0,27.0,418.1237487792969
702,13317.0,27.0,415.5772705078125
703,13317.0,27.0,413.0403137207031
704,13317.0,27.0,410.5128479003906
705,13317.0,27.0,407.9949035644531
706,13317.0,27.0,405.4865417480469
707,13317.0,27.0,402.98785400390625
708,13318.0,26.0,400.4988098144531
709,13318.0,26.0,398.0194396972656
710,13318.0,26.0,395.5498046875
711,13318.0,26.0,393.08990478515625
712,13318.0,26.0,390.6398010253906
713,13318.0,26.0,388.1994934082031
714,13318.0,26.0,385.7690124511719
715,13318.0,26.0,383.3484497070313
716,13319.0,25.0,380.937744140625
717,13319.0,25.0,378.5369567871094
718,13319.0,25.0,376.1461486816406
719,13319.0,25.0,373.7652587890625
720,13319.0,25.0,371.3944091796875
721,13319.0,25.0,369.0335388183594
722,13319.0,25.0,366.6827087402344
723,13319.0,25.0,364.3419494628906
724,13319.0,25.0,362.0112609863281
725,13319.0,25.0,359.690673828125
726,13319.0,25.0,357.38018798828125
727,13319.0,25.0,355.0798645019531
728,13319.0,25.0,352.78973388671875
729,13319.0,25.0,350.5097351074219
730,13319.0,25.0,348.2398986816406
731,13319.0,25.0,345.98028564453125
732,13319.0,25.0,343.73095703125
733,13319.0,25.0,341.4917907714844
734,13319.0,25.0,339.262939453125
735,13319.0,25.0,337.0443115234375
736,13319.0,25.0,334.8359680175781
737,13319.0,25.0,332.6379089355469
738,13320.0,24.0,330.4501647949219
739,13320.0,24.0,328.2727355957031
740,13320.0,24.0,326.10565185546875
741,13320.0,24.0,323.9488830566406
742,13320.0,24.0,321.8024597167969
743,13320.0,24.0,319.6663513183594
744,13320.0,24.0,317.54058837890625
745,13320.0,24.0,315.4252624511719
746,13320.0,24.0,313.32025146484375
747,13320.0,24.0,311.2255859375
748,13320.0,24.0,309.141357421875
749,13320.0,24.0,307.06744384765625
750,13320.0,24.0,305.00390625
751,13320.0,24.0,302.95074462890625
752,13320.0,24.0,300.9079895019531
753,13320.0,24.0,298.8756103515625
754,13320.0,24.0,296.8536071777344
755,13320.0,24.0,294.84197998046875
756,13320.0,24.0,292.8406982421875
757,13321.0,23.0,290.8498229980469
758,13321.0,23.0,288.8692932128906
759,13321.0,23.0,286.8991394042969
760,13321.0,23.0,284.9393310546875
761,13321.0,23.0,282.9898376464844
762,13321.0,23.0,281.0507507324219
763,13321.0,23.0,279.1219787597656
764,13321.0,23.0,277.2035217285156
765,13321.0,23.0,275.29541015625
766,13321.0,23.0,273.3976135253906
767,13321.0,23.0,271.5101318359375
768,13321.0,23.0,269.6329040527344
769,13321.0,23.0,267.7659912109375
770,13321.0,23.0,265.90936279296875
771,13321.0,23.0,264.0629577636719
772,13321.0,23.0,262.2268371582031
773,13321.0,23.0,260.4009704589844
774,13321.0,23.0,258.5852966308594
775,13322.0,22.0,256.77984619140625
776,13322.0,22.0,254.9845733642578
777,13322.0,22.0,253.19949340820312
778,13322.0,22.0,251.4245758056641
779,13322.0,22.0,249.65980529785156
780,13322.0,22.0,247.9051513671875
781,13322.0,22.0,246.16062927246097
782,13322.0,22.0,244.4261932373047
783,13322.0,22.0,242.70179748535156
784,13322.0,22.0,240.9875030517578
785,13322.0,22.0,239.283203125
786,13322.0,22.0,237.5889434814453
787,13322.0,22.0,235.90464782714844
788,13322.0,22.0,234.2303466796875
789,13322.0,22.0,232.5659942626953
790,13322.0,22.0,230.9115447998047
791,13322.0,22.0,229.2669982910156
792,13322.0,22.0,227.63235473632812
793,13323.0,21.0,226.0075531005859
794,13323.0,21.0,224.39254760742188
795,13323.0,21.0,222.7873687744141
796,13323.0,21.0,221.1919708251953
797,13323.0,21.0,219.6063537597656
798,13323.0,21.0,218.0303955078125
799,13323.0,21.0,216.46417236328125
800,13323.0,21.0,214.9075927734375
801,13323.0,21.0,213.36070251464844
802,13323.0,21.0,211.82339477539065
803,13323.0,21.0,210.2956695556641
804,13323.0,21.0,208.77748107910156
805,13323.0,21.0,207.2688446044922
806,13323.0,21.0,205.76971435546875
807,13323.0,21.0,204.2800445556641
808,13323.0,21.0,202.7998046875
809,13323.0,21.0,201.3289794921875
810,13323.0,21.0,199.86749267578125
811,13323.0,21.0,198.41537475585935
812,13323.0,21.0,196.9725341796875
813,13323.0,21.0,195.5389709472656
814,13323.0,21.0,194.1146545410156
815,13323.0,21.0,192.69952392578125
816,13323.0,21.0,191.2935485839844
817,13323.0,21.0,189.896728515625
818,13323.0,21.0,188.50897216796875
819,13323.0,21.0,187.1302795410156
820,13323.0,21.0,185.76060485839844
821,13323.0,21.0,184.39991760253903
822,13324.0,20.0,183.04818725585935
823,13324.0,20.0,181.7053680419922
824,13324.0,20.0,180.37142944335935
825,13324.0,20.0,179.04632568359375
826,13324.0,20.0,177.73004150390625
827,13324.0,20.0,176.42250061035156
828,13324.0,20.0,175.1237030029297
829,13324.0,20.0,173.83360290527344
830,13324.0,20.0,172.55213928222656
831,13324.0,20.0,171.27931213378906
832,13324.0,20.0,170.01507568359375
833,13324.0,20.0,168.75936889648438
834,13324.0,20.0,167.51217651367188
835,13324.0,20.0,166.27346801757812
836,13324.0,20.0,165.043212890625
837,13324.0,20.0,163.8213348388672
838,13324.0,20.0,162.60781860351562
839,13324.0,20.0,161.40261840820312
840,13324.0,20.0,160.20571899414062
841,13324.0,20.0,159.0170440673828
842,13324.0,20.0,157.83657836914062
843,13324.0,20.0,156.6642608642578
844,13324.0,20.0,155.5000762939453
845,13325.0,19.0,154.3439483642578
846,13325.0,19.0,153.19586181640625
847,13326.0,18.0,152.05577087402344
848,13326.0,18.0,150.92364501953125
849,13326.0,18.0,149.79942321777344
850,13326.0,18.0,148.6830596923828
851,13326.0,18.0,147.5745391845703
852,13326.0,18.0,146.4738006591797
853,13326.0,18.0,145.38079833984375
854,13326.0,18.0,144.29551696777344
855,13326.0,18.0,143.21788024902344
856,13326.0,18.0,142.1478729248047
857,13326.0,18.0,141.08544921875
858,13326.0,18.0,140.0305938720703
859,13326.0,18.0,138.9832305908203
860,13326.0,18.0,137.94334411621094
861,13326.0,18.0,136.91090393066406
862,13326.0,18.0,135.88584899902344
863,13326.0,18.0,134.86814880371094
864,13326.0,18.0,133.85777282714844
865,13326.0,18.0,132.85464477539062
866,13326.0,18.0,131.85877990722656
867,13326.0,18.0,130.87005615234375
868,13326.0,18.0,129.88851928710938
869,13326.0,18.0,128.91407775878906
870,13326.0,18.0,127.94671630859376
871,13326.0,18.0,126.9863510131836
872,13326.0,18.0,126.03297424316406
873,13326.0,18.0,125.0865478515625
874,13326.0,18.0,124.14702606201172
875,13326.0,18.0,123.21434783935548
876,13326.0,18.0,122.28849792480467
877,13326.0,18.0,121.36942291259766
878,13326.0,18.0,120.4570770263672
879,13326.0,18.0,119.55143737792967
880,13326.0,18.0,118.6524658203125
881,13326.0,18.0,117.76012420654295
882,13326.0,18.0,116.87435150146484
883,13326.0,18.0,115.99512481689452
884,13326.0,18.0,115.12239837646484
885,13326.0,18.0,114.2561264038086
886,13326.0,18.0,113.3962860107422
887,13326.0,18.0,112.5428237915039
888,13326.0,18.0,111.69572448730467
889,13326.0,18.0,110.85491180419922
890,13326.0,18.0,110.0203628540039
891,13326.0,18.0,109.1920394897461
892,13326.0,18.0,108.36990356445312
893,13326.0,18.0,107.55392456054688
894,13326.0,18.0,106.74402618408205
895,13326.0,18.0,105.94022369384766
896,13326.0,18.0,105.14244842529295
897,13326.0,18.0,104.35066986083984
898,13326.0,18.0,103.56484985351562
899,13326.0,18.0,102.78496551513672
900,13326.0,18.0,102.0109634399414
901,13326.0,18.0,101.24282836914062
902,13326.0,18.0,100.4805145263672
903,13326.0,18.0,99.7239990234375
904,13326.0,18.0,98.97322845458984
905,13326.0,18.0,98.22817993164062
906,13326.0,18.0,97.4888153076172
907,13326.0,18.0,96.75508880615234
908,13326.0,18.0,96.0269775390625
909,13326.0,18.0,95.304443359375
910,13326.0,18.0,94.5874481201172
911,13326.0,18.0,93.8759536743164
912,13326.0,18.0,93.16992950439452
913,13326.0,18.0,92.46934509277344
914,13326.0,18.0,91.7741470336914
915,13326.0,18.0,91.0843276977539
916,13326.0,18.0,90.39981079101562
917,13326.0,18.0,89.72059631347656
918,13326.0,18.0,89.04663848876953
919,13326.0,18.0,88.37789916992188
920,13326.0,18.0,87.71434783935547
921,13326.0,18.0,87.0559310913086
922,13326.0,18.0,86.40264129638672
923,13326.0,18.0,85.75440979003906
924,13326.0,18.0,85.11122131347656
925,13326.0,18.0,84.4730224609375
926,13326.0,18.0,83.83979797363281
927,13326.0,18.0,83.21149444580078
928,13326.0,18.0,82.58807373046875
929,13326.0,18.0,81.96949768066406
930,13326.0,18.0,81.3557357788086
931,13326.0,18.0,80.74674987792969
932,13326.0,18.0,80.14250946044922
933,13326.0,18.0,79.54298400878906
934,13326.0,18.0,78.94813537597656
935,13326.0,18.0,78.35795593261719
936,13326.0,18.0,77.77239990234375
937,13326.0,18.0,77.19143676757812
938,13326.0,18.0,76.61503601074219
939,13326.0,18.0,76.0431900024414
940,13326.0,18.0,75.47582244873047
941,13326.0,18.0,74.9129638671875
942,13326.0,18.0,74.35455322265625
943,13326.0,18.0,73.8005599975586
944,13326.0,18.0,73.25096130371094
945,13326.0,18.0,72.70573425292969
946,13326.0,18.0,72.16484069824219
947,13326.0,18.0,71.62824249267578
948,13326.0,18.0,71.09590911865234
949,13326.0,18.0,70.56781768798828
950,13326.0,18.0,70.0439224243164
951,13326.0,18.0,69.52418518066406
952,13326.0,18.0,69.00859069824219
953,13326.0,18.0,68.49710083007812
954,13326.0,18.0,67.98968505859375
955,13326.0,18.0,67.48628997802734
956,13326.0,18.0,66.98690032958984
957,13326.0,18.0,66.49146270751953
958,13326.0,18.0,65.99994659423828
959,13326.0,18.0,65.51234436035156
960,13326.0,18.0,65.02860260009766
961,13326.0,18.0,64.54869079589844
962,13326.0,18.0,64.07257843017578
963,13326.0,18.0,63.600250244140625
964,13326.0,18.0,63.13168716430664
965,13326.0,18.0,62.666873931884766
966,13326.0,18.0,62.20577621459961
967,13326.0,18.0,61.74837493896485
968,13326.0,18.0,61.29463577270508
969,13326.0,18.0,60.84453582763672
970,13326.0,18.0,60.39806365966797
971,13326.0,18.0,59.9551887512207
972,13326.0,18.0,59.51588821411133
973,13326.0,18.0,59.08013916015625
974,13326.0,18.0,58.647891998291016
975,13326.0,18.0,58.21914291381836
976,13326.0,18.0,57.79384994506836
977,13326.0,18.0,57.37198638916016
978,13326.0,18.0,56.95353698730469
979,13326.0,18.0,56.5384635925293
980,13326.0,18.0,56.12675094604492
981,13326.0,18.0,55.71836853027344
982,13326.0,18.0,55.31330108642578
983,13326.0,18.0,54.91151428222656
984,13326.0,18.0,54.51301193237305
985,13326.0,18.0,54.11776351928711
986,13326.0,18.0,53.72574996948242
987,13326.0,18.0,53.33694839477539
988,13326.0,18.0,52.95132064819336
989,13326.0,18.0,52.56883239746094
990,13326.0,18.0,52.189456939697266
991,13326.0,18.0,51.81316757202149
992,13326.0,18.0,51.43994903564453
993,13326.0,18.0,51.06978225708008
994,13326.0,18.0,50.70263671875
995,13326.0,18.0,50.338504791259766
996,13326.0,18.0,49.97735595703125
997,13326.0,18.0,49.61916732788086
998,13326.0,18.0,49.2639045715332
999,13326.0,18.0,48.91153335571289
1000,13326.0,18.0,48.5620231628418
1001,13326.0,18.0,48.215370178222656
1002,13326.0,18.0,47.87154006958008
1003,13326.0,18.0,47.53053283691406
1004,13326.0,18.0,47.19231796264648
1005,13326.0,18.0,46.856876373291016
1006,13326.0,18.0,46.5241813659668
1007,13326.0,18.0,46.1942253112793
1008,13326.0,18.0,45.866981506347656
1009,13326.0,18.0,45.542423248291016
1010,13326.0,18.0,45.22052383422851
1011,13326.0,18.0,44.9012565612793
1012,13326.0,18.0,44.58458709716797
1013,13326.0,18.0,44.27048873901367
1014,13326.0,18.0,43.95893096923828
1015,13326.0,18.0,43.649898529052734
1016,13326.0,18.0,43.343387603759766
1017,13326.0,18.0,43.03937530517578
1018,13326.0,18.0,42.73784637451172
1019,13326.0,18.0,42.43878555297851
1020,13326.0,18.0,42.142181396484375
1021,13326.0,18.0,41.848026275634766
1022,13326.0,18.0,41.556297302246094
1023,13326.0,18.0,41.26697540283203
1024,13326.0,18.0,40.98004531860352
1025,13326.0,18.0,40.695499420166016
1026,13326.0,18.0,40.41331481933594
1027,13326.0,18.0,40.13346481323242
1028,13326.0,18.0,39.855926513671875
1029,13326.0,18.0,39.5806884765625
1030,13326.0,18.0,39.3077507019043
1031,13326.0,18.0,39.03710174560547
1032,13326.0,18.0,38.76872634887695
1033,13326.0,18.0,38.50260162353515
1034,13326.0,18.0,38.238712310791016
1035,13326.0,18.0,37.977020263671875
1036,13326.0,18.0,37.7175178527832
1037,13326.0,18.0,37.460182189941406
1038,13326.0,18.0,37.204986572265625
1039,13326.0,18.0,36.951942443847656
1040,13326.0,18.0,36.701019287109375
1041,13326.0,18.0,36.45219421386719
1042,13326.0,18.0,36.205440521240234
1043,13326.0,18.0,35.96073913574219
1044,13326.0,18.0,35.71808624267578
1045,13326.0,18.0,35.477455139160156
1046,13326.0,18.0,35.23883056640625
1047,13326.0,18.0,35.00220489501953
1048,13326.0,18.0,34.767555236816406
1049,13326.0,18.0,34.5349006652832
1050,13326.0,18.0,34.30419921875
1051,13326.0,18.0,34.0754280090332
1052,13326.0,18.0,33.848575592041016
1053,13326.0,18.0,33.62364196777344
1054,13326.0,18.0,33.40060806274414
1055,13326.0,18.0,33.1794548034668
1056,13326.0,18.0,32.960182189941406
1057,13326.0,18.0,32.742767333984375
1058,13326.0,18.0,32.52717208862305
1059,13326.0,18.0,32.31337356567383
1060,13326.0,18.0,32.10137939453125
1061,13326.0,18.0,31.89118194580078
1062,13326.0,18.0,31.682750701904297
1063,13326.0,18.0,31.47608184814453
1064,13326.0,18.0,31.27115249633789
1065,13326.0,18.0,31.06795883178711
1066,13326.0,18.0,30.86648750305176
1067,13326.0,18.0,30.666719436645508
1068,13326.0,18.0,30.468618392944336
1069,13326.0,18.0,30.27217483520508
1070,13326.0,18.0,30.07736587524414
1071,13326.0,18.0,29.884193420410156
1072,13326.0,18.0,29.692663192749023
1073,13326.0,18.0,29.502761840820312
1074,13326.0,18.0,29.314472198486328
1075,13326.0,18.0,29.127761840820312
1076,13326.0,18.0,28.942615509033203
1077,13326.0,18.0,28.759031295776367
1078,13326.0,18.0,28.576993942260746
1079,13326.0,18.0,28.396499633789062
1080,13326.0,18.0,28.21753692626953
1081,13326.0,18.0,28.040096282958984
1082,13326.0,18.0,27.86417579650879
1083,13326.0,18.0,27.689743041992188
1084,13326.0,18.0,27.51678466796875
1085,13326.0,18.0,27.345300674438477
1086,13326.0,18.0,27.17526626586914
1087,13326.0,18.0,27.006668090820312
1088,13326.0,18.0,26.839487075805664
1089,13326.0,18.0,26.6737060546875
1090,13326.0,18.0,26.50932502746582
1091,13326.0,18.0,26.346330642700195
1092,13326.0,18.0,26.184715270996097
1093,13326.0,18.0,26.024457931518555
1094,13326.0,18.0,25.865535736083984
1095,13326.0,18.0,25.70794105529785
1096,13326.0,18.0,25.55166244506836
1097,13326.0,18.0,25.39669609069824
1098,13326.0,18.0,25.2430419921875
1099,13326.0,18.0,25.090686798095703
1100,13326.0,18.0,24.939620971679688
1101,13326.0,18.0,24.78983688354492
1102,13326.0,18.0,24.641321182250977
1103,13326.0,18.0,24.494054794311523
1104,13326.0,18.0,24.348031997680664
1105,13326.0,18.0,24.2032470703125
1106,13326.0,18.0,24.059694290161133
1107,13326.0,18.0,23.917367935180664
1108,13326.0,18.0,23.77625274658203
1109,13326.0,18.0,23.636343002319336
1110,13326.0,18.0,23.49762725830078
1111,13326.0,18.0,23.360092163085938
1112,13326.0,18.0,23.223731994628903
1113,13326.0,18.0,23.088533401489254
1114,13326.0,18.0,22.954484939575195
1115,13326.0,18.0,22.82157325744629
1116,13326.0,18.0,22.689796447753903
1117,13326.0,18.0,22.55914306640625
1118,13326.0,18.0,22.429601669311523
1119,13326.0,18.0,22.30116271972656
1120,13326.0,18.0,22.17381477355957
1121,13326.0,18.0,22.04755210876465
1122,13326.0,18.0,21.92236328125
1123,13326.0,18.0,21.79824447631836
1124,13326.0,18.0,21.67517471313477
1125,13326.0,18.0,21.55313491821289
1126,13326.0,18.0,21.432119369506836
1127,13326.0,18.0,21.31211853027344
1128,13326.0,18.0,21.193134307861328
1129,13326.0,18.0,21.075149536132812
1130,13326.0,18.0,20.958158493041992
1131,13326.0,18.0,20.84214782714844
1132,13326.0,18.0,20.727096557617188
1133,13326.0,18.0,20.61299705505371
1134,13326.0,18.0,20.499845504760746
1135,13326.0,18.0,20.387630462646484
1136,13326.0,18.0,20.276350021362305
1137,13326.0,18.0,20.165996551513672
1138,13326.0,18.0,20.05656623840332
1139,13326.0,18.0,19.948047637939453
1140,13326.0,18.0,19.840431213378903
1141,13326.0,18.0,19.733692169189453
1142,13326.0,18.0,19.627819061279297
1143,13326.0,18.0,19.52280044555664
1144,13326.0,18.0,19.418624877929688
1145,13326.0,18.0,19.315290451049805
1146,13326.0,18.0,19.212799072265625
1147,13326.0,18.0,19.11115264892578
1148,13326.0,18.0,19.010347366333008
1149,13326.0,18.0,18.91037368774414
1150,13326.0,18.0,18.81121826171875
1151,13326.0,18.0,18.71287727355957
1152,13326.0,18.0,18.615333557128903
1153,13326.0,18.0,18.51857566833496
1154,13326.0,18.0,18.422605514526367
1155,13326.0,18.0,18.327428817749023
1156,13326.0,18.0,18.23303985595703
1157,13326.0,18.0,18.13944435119629
1158,13326.0,18.0,18.046621322631836
1159,13326.0,18.0,17.954553604125977
1160,13326.0,18.0,17.863222122192383
1161,13326.0,18.0,17.772624969482422
1162,13326.0,18.0,17.682756423950195
1163,13326.0,18.0,17.593618392944336
1164,13326.0,18.0,17.505205154418945
1165,13326.0,18.0,17.417503356933594
1166,13326.0,18.0,17.33051300048828
1167,13326.0,18.0,17.24422836303711
1168,13326.0,18.0,17.158639907836914
1169,13326.0,18.0,17.073740005493164
1170,13326.0,18.0,16.989519119262695
1171,13326.0,18.0,16.905967712402344
1172,13326.0,18.0,16.823081970214844
1173,13326.0,18.0,16.74085235595703
1174,13326.0,18.0,16.659284591674805
1175,13326.0,18.0,16.578372955322266
1176,13326.0,18.0,16.49811553955078
1177,13326.0,18.0,16.418502807617188
1178,13326.0,18.0,16.33952522277832
1179,13326.0,18.0,16.26116943359375
1180,13326.0,18.0,16.183439254760742
1181,13326.0,18.0,16.106319427490234
1182,13326.0,18.0,16.02980613708496
1183,13326.0,18.0,15.953896522521973
1184,13326.0,18.0,15.87859344482422
1185,13326.0,18.0,15.803881645202637
1186,13326.0,18.0,15.72974967956543
1187,13326.0,18.0,15.656193733215332
1188,13326.0,18.0,15.583206176757812
1189,13326.0,18.0,15.510786056518556
1190,13326.0,18.0,15.43892765045166
1191,13326.0,18.0,15.367621421813965
1192,13326.0,18.0,15.296860694885254
1193,13326.0,18.0,15.226643562316896
1194,13326.0,18.0,15.156965255737305
1195,13326.0,18.0,15.087823867797852
1196,13326.0,18.0,15.01921272277832
1197,13326.0,18.0,14.951128005981444
1198,13326.0,18.0,14.883562088012695
1199,13326.0,18.0,14.816518783569336
1200,13326.0,18.0,14.749982833862305
1201,13326.0,18.0,14.683956146240234
1202,13326.0,18.0,14.618433952331545
1203,13326.0,18.0,14.553407669067385
1204,13326.0,18.0,14.48887825012207
1205,13326.0,18.0,14.424843788146973
1206,13326.0,18.0,14.361298561096191
1207,13326.0,18.0,14.298237800598145
1208,13326.0,18.0,14.235651969909668
1209,13326.0,18.0,14.173537254333496
1210,13326.0,18.0,14.11189079284668
1211,13326.0,18.0,14.050705909729004
1212,13326.0,18.0,13.989982604980469
1213,13326.0,18.0,13.929723739624023
1214,13326.0,18.0,13.869918823242188
1215,13326.0,18.0,13.810566902160645
1216,13326.0,18.0,13.751662254333496
1217,13326.0,18.0,13.69320011138916
1218,13326.0,18.0,13.635169982910156
1219,13326.0,18.0,13.577569961547852
1220,13326.0,18.0,13.520397186279297
1221,13326.0,18.0,13.463648796081545
1222,13326.0,18.0,13.40732479095459
1223,13326.0,18.0,13.351418495178224
1224,13326.0,18.0,13.295923233032228
1225,13326.0,18.0,13.240833282470703
1226,13326.0,18.0,13.186141967773438
1227,13326.0,18.0,13.13184642791748
1228,13326.0,18.0,13.077943801879885
1229,13326.0,18.0,13.024432182312012
1230,13326.0,18.0,12.97131061553955
1231,13326.0,18.0,12.91857624053955
1232,13326.0,18.0,12.866225242614746
1233,13326.0,18.0,12.814251899719238
1234,13326.0,18.0,12.762652397155762
1235,13326.0,18.0,12.711420059204102
1236,13326.0,18.0,12.660550117492676
1237,13326.0,18.0,12.610040664672852
1238,13326.0,18.0,12.559893608093262
1239,13326.0,18.0,12.51010513305664
1240,13326.0,18.0,12.460671424865724
1241,13326.0,18.0,12.411592483520508
1242,13326.0,18.0,12.362862586975098
1243,13326.0,18.0,12.31447982788086
1244,13326.0,18.0,12.266437530517578
1245,13326.0,18.0,12.218729972839355
1246,13326.0,18.0,12.171354293823242
1247,13326.0,18.0,12.124306678771973
1248,13326.0,18.0,12.07758617401123
1249,13326.0,18.0,12.031190872192385
1250,13326.0,18.0,11.985118865966797
1251,13326.0,18.0,11.939369201660156
1252,13326.0,18.0,11.893938064575195
1253,13326.0,18.0,11.848820686340332
1254,13326.0,18.0,11.804017066955566
1255,13326.0,18.0,11.759519577026367
1256,13326.0,18.0,11.71533203125
1257,13326.0,18.0,11.671453475952148
1258,13326.0,18.0,11.627880096435549
1259,13326.0,18.0,11.584609031677246
1260,13326.0,18.0,11.541635513305664
1261,13326.0,18.0,11.49895477294922
1262,13326.0,18.0,11.45656394958496
1263,13326.0,18.0,11.414462089538574
1264,13326.0,18.0,11.372648239135742
1265,13326.0,18.0,11.331121444702148
1266,13326.0,18.0,11.289877891540527
1267,13326.0,18.0,11.248915672302246
1268,13326.0,18.0,11.208230018615724
1269,13326.0,18.0,11.167814254760742
1270,13326.0,18.0,11.127671241760254
1271,13326.0,18.0,11.087799072265623
1272,13326.0,18.0,11.048194885253906
1273,13326.0,18.0,11.008859634399414
1274,13326.0,18.0,10.969785690307615
1275,13326.0,18.0,10.93097686767578
1276,13326.0,18.0,10.892428398132324
1277,13326.0,18.0,10.854143142700195
1278,13326.0,18.0,10.816120147705078
1279,13326.0,18.0,10.77835178375244
1280,13326.0,18.0,10.740829467773438
1281,13326.0,18.0,10.703553199768066
1282,13326.0,18.0,10.666522026062012
1283,13326.0,18.0,10.629733085632324
1284,13326.0,18.0,10.593186378479004
1285,13326.0,18.0,10.556879997253418
1286,13326.0,18.0,10.520811080932615
1287,13326.0,18.0,10.484977722167969
1288,13326.0,18.0,10.44937515258789
1289,13326.0,18.0,10.413999557495115
1290,13326.0,18.0,10.378851890563965
1291,13326.0,18.0,10.343931198120115
1292,13326.0,18.0,10.30923557281494
1293,13326.0,18.0,10.274755477905272
1294,13326.0,18.0,10.240495681762695
1295,13326.0,18.0,10.206451416015623
1296,13326.0,18.0,10.172621726989746
1297,13326.0,18.0,10.13900661468506
1298,13326.0,18.0,10.105606079101562
1299,13326.0,18.0,10.07241916656494
1300,13326.0,18.0,10.03944492340088
1301,13326.0,18.0,10.006683349609377
1302,13326.0,18.0,9.974127769470217
1303,13326.0,18.0,9.941777229309082
1304,13326.0,18.0,9.909625053405762
1305,13326.0,18.0,9.87767505645752
1306,13326.0,18.0,9.845925331115724
1307,13326.0,18.0,9.814374923706056
1308,13326.0,18.0,9.78302001953125
1309,13326.0,18.0,9.751858711242676
1310,13326.0,18.0,9.720887184143066
1311,13326.0,18.0,9.690107345581056
1312,13326.0,18.0,9.659517288208008
1313,13326.0,18.0,9.62911605834961
1314,13326.0,18.0,9.598898887634276
1315,13326.0,18.0,9.568866729736328
1316,13326.0,18.0,9.539016723632812
1317,13326.0,18.0,9.50934886932373
1318,13326.0,18.0,9.479862213134766
1319,13326.0,18.0,9.450555801391602
1320,13326.0,18.0,9.421425819396973
1321,13326.0,18.0,9.39247703552246
1322,13326.0,18.0,9.363702774047852
1323,13326.0,18.0,9.335107803344728
1324,13326.0,18.0,9.306686401367188
1325,13326.0,18.0,9.278434753417969
1326,13326.0,18.0,9.250351905822754
1327,13326.0,18.0,9.22243881225586
1328,13326.0,18.0,9.194694519042969
1329,13326.0,18.0,9.167119026184082
1330,13326.0,18.0,9.13970947265625
1331,13326.0,18.0,9.11246395111084
1332,13326.0,18.0,9.085382461547852
1333,13326.0,18.0,9.058464050292969
1334,13326.0,18.0,9.031708717346191
1335,13326.0,18.0,9.00511360168457
1336,13326.0,18.0,8.978677749633789
1337,13326.0,18.0,8.952397346496582
1338,13326.0,18.0,8.92627239227295
1339,13326.0,18.0,8.900301933288574
1340,13326.0,18.0,8.874482154846191
1341,13326.0,18.0,8.84881591796875
1342,13326.0,18.0,8.8233003616333
1343,13326.0,18.0,8.797935485839844
1344,13326.0,18.0,8.772719383239746
1345,13326.0,18.0,8.747648239135742
1346,13326.0,18.0,8.722722053527832
1347,13326.0,18.0,8.6979341506958
1348,13326.0,18.0,8.673290252685547
1349,13326.0,18.0,8.648785591125488
1350,13326.0,18.0,8.624423027038574
1351,13326.0,18.0,8.600198745727539
1352,13326.0,18.0,8.5761137008667
1353,13326.0,18.0,8.552166938781738
1354,13326.0,18.0,8.528356552124023
1355,13326.0,18.0,8.504681587219238
1356,13326.0,18.0,8.48114013671875
1357,13326.0,18.0,8.457732200622559
1358,13326.0,18.0,8.434457778930664
1359,13326.0,18.0,8.411314964294434
1360,13326.0,18.0,8.388304710388184
1361,13326.0,18.0,8.365423202514648
1362,13326.0,18.0,8.342672348022461
1363,13326.0,18.0,8.320050239562988
1364,13326.0,18.0,8.297554969787598
1365,13326.0,18.0,8.275186538696289
1366,13326.0,18.0,8.252944946289062
1367,13326.0,18.0,8.230825424194336
1368,13326.0,18.0,8.20882797241211
1369,13326.0,18.0,8.186952590942383
1370,13326.0,18.0,8.16519832611084
1371,13326.0,18.0,8.14356517791748
1372,13326.0,18.0,8.122050285339355
1373,13326.0,18.0,8.100652694702148
1374,13326.0,18.0,8.07937240600586
1375,13326.0,18.0,8.058207511901855
1376,13326.0,18.0,8.037158012390137
1377,13326.0,18.0,8.016223907470703
1378,13326.0,18.0,7.995403289794922
1379,13326.0,18.0,7.974695205688477
1380,13326.0,18.0,7.9541015625
1381,13326.0,18.0,7.933618545532227
1382,13326.0,18.0,7.913247108459473
1383,13326.0,18.0,7.89298677444458
1384,13326.0,18.0,7.872836589813232
1385,13326.0,18.0,7.8527984619140625
1386,13326.0,18.0,7.832869529724121
1387,13326.0,18.0,7.813051700592041
1388,13326.0,18.0,7.793342113494873
1389,13326.0,18.0,7.773736000061035
1390,13326.0,18.0,7.754235744476318
1391,13326.0,18.0,7.734838962554932
1392,13326.0,18.0,7.71554708480835
1393,13326.0,18.0,7.696359157562256
1394,13326.0,18.0,7.677273273468018
1395,13326.0,18.0,7.658287525177002
1396,13326.0,18.0,7.639400959014893
1397,13326.0,18.0,7.620611667633057
1398,13326.0,18.0,7.601920127868652
1399,13326.0,18.0,7.583328247070312
1400,13326.0,18.0,7.564834594726563
1401,13326.0,18.0,7.546439170837402
1402,13326.0,18.0,7.528139114379883
1403,13326.0,18.0,7.509934425354004
1404,13326.0,18.0,7.491824150085449
1405,13326.0,18.0,7.4738078117370605
1406,13326.0,18.0,7.4558844566345215
1407,13326.0,18.0,7.43805456161499
1408,13326.0,18.0,7.420318126678467
1409,13326.0,18.0,7.402675151824951
1410,13326.0,18.0,7.385121822357178
1411,13326.0,18.0,7.367660045623779
1412,13326.0,18.0,7.350287437438965
1413,13326.0,18.0,7.333003044128418
1414,13326.0,18.0,7.3158063888549805
1415,13326.0,18.0,7.298696994781494
1416,13326.0,18.0,7.281675815582275
1417,13326.0,18.0,7.264740467071533
1418,13326.0,18.0,7.247892379760742
1419,13326.0,18.0,7.231130599975586
1420,13326.0,18.0,7.214454650878906
1421,13326.0,18.0,7.197865009307861
1422,13326.0,18.0,7.181360244750977
1423,13326.0,18.0,7.164938926696777
1424,13326.0,18.0,7.148600101470947
1425,13326.0,18.0,7.132342338562012
1426,13326.0,18.0,7.116164684295654
1427,13326.0,18.0,7.100066184997559
1428,13326.0,18.0,7.084046840667725
1429,13326.0,18.0,7.0681071281433105
1430,13326.0,18.0,7.05224609375
1431,13326.0,18.0,7.036463260650635
1432,13326.0,18.0,7.020759582519531
1433,13326.0,18.0,7.005133628845215
1434,13326.0,18.0,6.989584922790527
1435,13326.0,18.0,6.974112510681152
1436,13326.0,18.0,6.958717346191406
1437,13326.0,18.0,6.943397045135498
1438,13326.0,18.0,6.928154468536377
1439,13326.0,18.0,6.91298770904541
1440,13326.0,18.0,6.897895336151123
1441,13326.0,18.0,6.882878303527832
1442,13326.0,18.0,6.867934226989746
1443,13326.0,18.0,6.853064060211182
1444,13326.0,18.0,6.838266372680664
1445,13326.0,18.0,6.82354211807251
1446,13326.0,18.0,6.8088908195495605
1447,13326.0,18.0,6.794311046600342
1448,13326.0,18.0,6.779801368713379
1449,13326.0,18.0,6.765364170074463
1450,13326.0,18.0,6.750997066497803
1451,13326.0,18.0,6.736701488494873
1452,13326.0,18.0,6.722476005554199
1453,13326.0,18.0,6.708318710327148
1454,13326.0,18.0,6.694229602813721
1455,13326.0,18.0,6.680209159851074
1456,13326.0,18.0,6.666256427764893
1457,13326.0,18.0,6.652370452880859
1458,13326.0,18.0,6.638551712036133
1459,13326.0,18.0,6.624800205230713
1460,13326.0,18.0,6.611114978790283
1461,13326.0,18.0,6.59749698638916
1462,13326.0,18.0,6.583945274353027
1463,13326.0,18.0,6.57045841217041
1464,13326.0,18.0,6.55703592300415
1465,13326.0,18.0,6.543679237365723
1466,13326.0,18.0,6.530385971069336
1467,13326.0,18.0,6.517155647277832
1468,13326.0,18.0,6.503988742828369
1469,13326.0,18.0,6.490883827209473
1470,13326.0,18.0,6.477840423583984
1471,13326.0,18.0,6.464857578277588
1472,13326.0,18.0,6.451934337615967
1473,13326.0,18.0,6.4390716552734375
1474,13326.0,18.0,6.426268577575684
1475,13326.0,18.0,6.413525581359863
1476,13326.0,18.0,6.400842666625977
1477,13326.0,18.0,6.388217926025391
1478,13326.0,18.0,6.375653266906738
1479,13326.0,18.0,6.3631463050842285
1480,13326.0,18.0,6.3506975173950195
1481,13326.0,18.0,6.338308811187744
1482,13326.0,18.0,6.325976848602295
1483,13326.0,18.0,6.313702583312988
1484,13326.0,18.0,6.301485061645508
1485,13326.0,18.0,6.289323329925537
1486,13326.0,18.0,6.277218818664551
1487,13326.0,18.0,6.265169620513916
1488,13326.0,18.0,6.253177165985107
1489,13326.0,18.0,6.241240501403809
1490,13326.0,18.0,6.229361057281494
1491,13326.0,18.0,6.217535972595215
1492,13326.0,18.0,6.205766201019287
1493,13326.0,18.0,6.194051742553711
1494,13326.0,18.0,6.182391166687012
1495,13326.0,18.0,6.170783996582031
1496,13326.0,18.0,6.1592302322387695
1497,13326.0,18.0,6.147730350494385
1498,13326.0,18.0,6.1362833976745605
1499,13326.0,18.0,6.124889850616455
1500,13326.0,18.0,6.113548278808594
1501,13326.0,18.0,6.102260112762451
1502,13326.0,18.0,6.0910234451293945
1503,13326.0,18.0,6.079838752746582
1504,13326.0,18.0,6.0687055587768555
1505,13326.0,18.0,6.057623386383057
1506,13326.0,18.0,6.046592712402344
1507,13326.0,18.0,6.0356125831604
1508,13326.0,18.0,6.024682998657227
1509,13326.0,18.0,6.013802528381348
1510,13326.0,18.0,6.002972602844238
1511,13326.0,18.0,5.992192268371582
1512,13326.0,18.0,5.981461524963379
1513,13326.0,18.0,5.9707794189453125
1514,13326.0,18.0,5.960146427154541
1515,13326.0,18.0,5.949562072753906
1516,13326.0,18.0,5.93902587890625
1517,13326.0,18.0,5.928537368774414
1518,13326.0,18.0,5.918096542358398
1519,13326.0,18.0,5.907702922821045
1520,13326.0,18.0,5.897356986999512
1521,13326.0,18.0,5.887056827545166
1522,13326.0,18.0,5.876803398132324
1523,13326.0,18.0,5.866597652435303
1524,13326.0,18.0,5.856438159942627
1525,13326.0,18.0,5.846324920654297
1526,13326.0,18.0,5.836256504058838
1527,13326.0,18.0,5.82623291015625
1528,13326.0,18.0,5.816252708435059
1529,13326.0,18.0,5.806317329406738
1530,13326.0,18.0,5.796426773071289
1531,13326.0,18.0,5.78657865524292
1532,13326.0,18.0,5.776774883270264
1533,13326.0,18.0,5.767014980316162
1534,13326.0,18.0,5.757297515869141
1535,13326.0,18.0,5.747623443603516
1536,13326.0,18.0,5.737990856170654
1537,13326.0,18.0,5.728400707244873
1538,13326.0,18.0,5.718852519989014
1539,13326.0,18.0,5.709345817565918
1540,13326.0,18.0,5.699880599975586
1541,13326.0,18.0,5.690456390380859
1542,13326.0,18.0,5.6810736656188965
1543,13326.0,18.0,5.671731472015381
1544,13326.0,18.0,5.662430286407471
1545,13326.0,18.0,5.653170108795166
1546,13326.0,18.0,5.643949508666992
1547,13326.0,18.0,5.634769916534424
1548,13326.0,18.0,5.6256303787231445
1549,13326.0,18.0,5.616530895233154
1550,13326.0,18.0,5.607470989227295
1551,13326.0,18.0,5.598451614379883
1552,13326.0,18.0,5.589470863342285
1553,13326.0,18.0,5.580529689788818
1554,13326.0,18.0,5.571627140045166
1555,13326.0,18.0,5.562763690948486
1556,13326.0,18.0,5.5539398193359375
1557,13326.0,18.0,5.545154094696045
1558,13326.0,18.0,5.53640604019165
1559,13326.0,18.0,5.5276970863342285
1560,13326.0,18.0,5.5190253257751465
1561,13326.0,18.0,5.510392189025879
1562,13326.0,18.0,5.501796722412109
1563,13326.0,18.0,5.49323844909668
1564,13326.0,18.0,5.48471736907959
1565,13326.0,18.0,5.476233959197998
1566,13326.0,18.0,5.467788219451904
1567,13326.0,18.0,5.459380149841309
1568,13326.0,18.0,5.451009273529053
1569,13326.0,18.0,5.4426751136779785
1570,13326.0,18.0,5.434375762939453
1571,13326.0,18.0,5.426111221313477
1572,13326.0,18.0,5.417882442474365
1573,13326.0,18.0,5.409688472747803
1574,13326.0,18.0,5.401528835296631
1575,13326.0,18.0,5.393404006958008
1576,13326.0,18.0,5.385312557220459
1577,13326.0,18.0,5.377255439758301
1578,13326.0,18.0,5.369232654571533
1579,13326.0,18.0,5.361243724822998
1580,13326.0,18.0,5.353288173675537
1581,13326.0,18.0,5.345366477966309
1582,13326.0,18.0,5.337477207183838
1583,13326.0,18.0,5.329621315002441
1584,13326.0,18.0,5.321798801422119
1585,13326.0,18.0,5.314009189605713
1586,13326.0,18.0,5.3062520027160645
1587,13326.0,18.0,5.298527240753174
1588,13326.0,18.0,5.290835380554199
1589,13326.0,18.0,5.283175468444824
1590,13326.0,18.0,5.275547504425049
1591,13326.0,18.0,5.267951488494873
1592,13326.0,18.0,5.260387897491455
1593,13326.0,18.0,5.25285530090332
1594,13326.0,18.0,5.245354652404785
1595,13326.0,18.0,5.237884521484375
1596,13326.0,18.0,5.230445861816406
1597,13326.0,18.0,5.223037242889404
1598,13326.0,18.0,5.215659141540527
1599,13326.0,18.0,5.208312034606934
1600,13326.0,18.0,5.200995445251465
1601,13326.0,18.0,5.193708419799805
1602,13326.0,18.0,5.186450958251953
1603,13326.0,18.0,5.179224014282227
1604,13326.0,18.0,5.172026634216309
1605,13326.0,18.0,5.164857864379883
1606,13326.0,18.0,5.157719612121582
1607,13326.0,18.0,5.150609016418457
1608,13326.0,18.0,5.143527984619141
1609,13326.0,18.0,5.136475563049316
1610,13326.0,18.0,5.129452228546143
1611,13326.0,18.0,5.122457981109619
1612,13326.0,18.0,5.1154913902282715
1613,13326.0,18.0,5.108553409576416
1614,13326.0,18.0,5.1016435623168945
1615,13326.0,18.0,5.094762325286865
1616,13326.0,18.0,5.08790922164917
1617,13326.0,18.0,5.08108377456665
1618,13326.0,18.0,5.074285984039307
1619,13326.0,18.0,5.067516326904297
1620,13326.0,18.0,5.060773849487305
1621,13326.0,18.0,5.05405855178833
1622,13326.0,18.0,5.047369956970215
1623,13326.0,18.0,5.040709972381592
1624,13326.0,18.0,5.034077167510986
1625,13326.0,18.0,5.027471542358398
1626,13326.0,18.0,5.020892143249512
1627,13326.0,18.0,5.014338493347168
1628,13326.0,18.0,5.007810115814209
1629,13326.0,18.0,5.001307487487793
1630,13326.0,18.0,4.994831085205078
1631,13326.0,18.0,4.98837947845459
1632,13326.0,18.0,4.9819536209106445
1633,13326.0,18.0,4.975552082061768
1634,13326.0,18.0,4.969174861907959
1635,13326.0,18.0,4.962822437286377
1636,13326.0,18.0,4.956494331359863
1637,13326.0,18.0,4.950191497802734
1638,13326.0,18.0,4.943911552429199
1639,13326.0,18.0,4.937656879425049
1640,13326.0,18.0,4.93142557144165
1641,13326.0,18.0,4.925219535827637
1642,13326.0,18.0,4.919036865234375
1643,13326.0,18.0,4.912877559661865
1644,13326.0,18.0,4.906742095947266
1645,13326.0,18.0,4.900630474090576
1646,13326.0,18.0,4.8945417404174805
1647,13326.0,18.0,4.888476371765137
1648,13326.0,18.0,4.8824334144592285
1649,13326.0,18.0,4.876414775848389
1650,13326.0,18.0,4.87041711807251
1651,13326.0,18.0,4.864443778991699
1652,13326.0,18.0,4.85849142074585
1653,13326.0,18.0,4.852562427520752
1654,13326.0,18.0,4.846656322479248
1655,13326.0,18.0,4.840771675109863
1656,13326.0,18.0,4.834908962249756
1657,13326.0,18.0,4.829068660736084
1658,13326.0,18.0,4.823249816894531
1659,13326.0,18.0,4.817452907562256
1660,13326.0,18.0,4.811677932739258
1661,13326.0,18.0,4.805924415588379
1662,13326.0,18.0,4.800191879272461
1663,13326.0,18.0,4.79448127746582
1664,13326.0,18.0,4.788791179656982
1665,13326.0,18.0,4.7831220626831055
1666,13326.0,18.0,4.777474403381348
1667,13326.0,18.0,4.771846771240234
1668,13326.0,18.0,4.766240119934082
1669,13326.0,18.0,4.760654449462891
1670,13326.0,18.0,4.755088806152344
1671,13326.0,18.0,4.749543190002441
1672,13326.0,18.0,4.7440185546875
1673,13326.0,18.0,4.738513946533203
1674,13326.0,18.0,4.733028888702393
1675,13326.0,18.0,4.727564334869385
1676,13326.0,18.0,4.722119331359863
1677,13326.0,18.0,4.716694355010986
1678,13326.0,18.0,4.711288928985596
1679,13326.0,18.0,4.70590353012085
1680,13326.0,18.0,4.700536727905273
1681,13326.0,18.0,4.695189952850342
1682,13326.0,18.0,4.6898627281188965
1683,13326.0,18.0,4.684554100036621
1684,13326.0,18.0,4.679264545440674
1685,13326.0,18.0,4.6739935874938965
1686,13326.0,18.0,4.668743133544922
1687,13326.0,18.0,4.663509845733643
1688,13326.0,18.0,4.658295154571533
1689,13326.0,18.0,4.65310001373291
1690,13326.0,18.0,4.647922515869141
1691,13326.0,18.0,4.642764091491699
1692,13326.0,18.0,4.637624263763428
1693,13326.0,18.0,4.63250207901001
1694,13326.0,18.0,4.627398490905762
1695,13326.0,18.0,4.622312545776367
1696,13326.0,18.0,4.617243766784668
1697,13326.0,18.0,4.612193584442139
1698,13326.0,18.0,4.607161521911621
1699,13326.0,18.0,4.602147102355957
1700,13326.0,18.0,4.5971503257751465
1701,13326.0,18.0,4.592172145843506
1702,13326.0,18.0,4.5872111320495605
1703,13326.0,18.0,4.582266807556152
1704,13326.0,18.0,4.577339172363281
1705,13326.0,18.0,4.572428226470947
1706,13326.0,18.0,4.567533493041992
1707,13326.0,18.0,4.562655448913574
1708,13326.0,18.0,4.557794570922852
1709,13326.0,18.0,4.552949905395508
1710,13326.0,18.0,4.548121452331543
1711,13326.0,18.0,4.543309688568115
1712,13326.0,18.0,4.538514137268066
1713,13326.0,18.0,4.533733367919922
1714,13326.0,18.0,4.528969764709473
1715,13326.0,18.0,4.524221897125244
1716,13326.0,18.0,4.519489288330078
1717,13326.0,18.0,4.514772891998291
1718,13326.0,18.0,4.510071754455566
1719,13326.0,18.0,4.5053863525390625
1720,13326.0,18.0,4.500716686248779
1721,13326.0,18.0,4.496062278747559
1722,13326.0,18.0,4.4914231300354
1723,13326.0,18.0,4.486799240112305
1724,13326.0,18.0,4.4821906089782715
1725,13326.0,18.0,4.477596759796143
1726,13326.0,18.0,4.473018646240234
1727,13326.0,18.0,4.4684553146362305
1728,13326.0,18.0,4.463907241821289
1729,13326.0,18.0,4.459373474121094
1730,13326.0,18.0,4.454854488372803
1731,13326.0,18.0,4.450350761413574
1732,13326.0,18.0,4.445861339569092
1733,13326.0,18.0,4.441386699676514
1734,13326.0,18.0,4.436926364898682
1735,13326.0,18.0,4.432480335235596
1736,13326.0,18.0,4.428048610687256
1737,13326.0,18.0,4.423630237579346
1738,13326.0,18.0,4.419227123260498
1739,13326.0,18.0,4.4148383140563965
1740,13326.0,18.0,4.410463333129883
1741,13326.0,18.0,4.406102180480957
1742,13326.0,18.0,4.401754856109619
1743,13326.0,18.0,4.397420883178711
1744,13326.0,18.0,4.393100738525391
1745,13326.0,18.0,4.388794898986816
1746,13326.0,18.0,4.384502410888672
1747,13326.0,18.0,4.380223274230957
1748,13326.0,18.0,4.37595796585083
1749,13326.0,18.0,4.371705532073975
1750,13326.0,18.0,4.367466449737549
1751,13326.0,18.0,4.363240718841553
1752,13326.0,18.0,4.359027862548828
1753,13326.0,18.0,4.354828357696533
1754,13326.0,18.0,4.350642204284668
1755,13326.0,18.0,4.346468448638916
1756,13326.0,18.0,4.342308044433594
1757,13326.0,18.0,4.338160037994385
1758,13326.0,18.0,4.334024906158447
1759,13326.0,18.0,4.329902648925781
1760,13326.0,18.0,4.3257927894592285
1761,13326.0,18.0,4.3216962814331055
1762,13326.0,18.0,4.317611217498779
1763,13326.0,18.0,4.313539505004883
1764,13326.0,18.0,4.309479713439941
1765,13326.0,18.0,4.305431842803955
1766,13326.0,18.0,4.30139684677124
1767,13326.0,18.0,4.2973737716674805
1768,13326.0,18.0,4.293363094329834
1769,13326.0,18.0,4.289364337921143
1770,13326.0,18.0,4.285377502441406
1771,13326.0,18.0,4.281402587890625
1772,13326.0,18.0,4.277440071105957
1773,13326.0,18.0,4.273489475250244
1774,13326.0,18.0,4.269550323486328
1775,13326.0,18.0,4.265622615814209
1776,13326.0,18.0,4.261706829071045
1777,13326.0,18.0,4.257802963256836
1778,13326.0,18.0,4.253910064697266
1779,13326.0,18.0,4.25002908706665
1780,13326.0,18.0,4.246158599853516
1781,13326.0,18.0,4.242300510406494
1782,13326.0,18.0,4.238452911376953
1783,13326.0,18.0,4.234617233276367
1784,13326.0,18.0,4.230792045593262
1785,13326.0,18.0,4.226978302001953
1786,13326.0,18.0,4.223176002502441
1787,13326.0,18.0,4.21938419342041
1788,13326.0,18.0,4.215603828430176
1789,13326.0,18.0,4.211833477020264
1790,13326.0,18.0,4.208075046539307
1791,13326.0,18.0,4.20432710647583
1792,13326.0,18.0,4.200589179992676
1793,13326.0,18.0,4.196861743927002
1794,13326.0,18.0,4.193144798278809
1795,13326.0,18.0,4.189439296722412
1796,13326.0,18.0,4.185742378234863
1797,13326.0,18.0,4.182056427001953
1798,13326.0,18.0,4.178380489349365
1799,13326.0,18.0,4.174715042114258
1800,13326.0,18.0,4.171059608459473
1801,13326.0,18.0,4.167414665222168
1802,13326.0,18.0,4.163778305053711
1803,13326.0,18.0,4.160153865814209
1804,13326.0,18.0,4.1565375328063965
1805,13326.0,18.0,4.152932167053223
1806,13326.0,18.0,4.1493353843688965
1807,13326.0,18.0,4.145749092102051
1808,13326.0,18.0,4.142172813415527
1809,13326.0,18.0,4.13860559463501
1810,13326.0,18.0,4.1350483894348145
1811,13326.0,18.0,4.131501197814941
1812,13326.0,18.0,4.127963066101074
1813,13326.0,18.0,4.124434471130371
1814,13326.0,18.0,4.120914459228516
1815,13326.0,18.0,4.11740255355835
1816,13326.0,18.0,4.113900661468506
1817,13326.0,18.0,4.110406875610352
1818,13326.0,18.0,4.106922626495361
1819,13326.0,18.0,4.103446006774902
1820,13326.0,18.0,4.099979877471924
1821,13326.0,18.0,4.096520900726318
1822,13326.0,18.0,4.093071937561035
1823,13326.0,18.0,4.089629173278809
1824,13326.0,18.0,4.086197853088379
1825,13326.0,18.0,4.082772254943848
1826,13326.0,18.0,4.079357147216797
1827,13326.0,18.0,4.075948238372803
1828,13326.0,18.0,4.072549819946289
1829,13326.0,18.0,4.069157600402832
1830,13326.0,18.0,4.0657758712768555
1831,13326.0,18.0,4.062399864196777
1832,13326.0,18.0,4.0590338706970215
1833,13326.0,18.0,4.055674076080322
1834,13326.0,18.0,4.052324295043945
1835,13326.0,18.0,4.048979759216309
1836,13326.0,18.0,4.045645236968994
1837,13326.0,18.0,4.042316436767578
1838,13326.0,18.0,4.038997650146484
1839,13326.0,18.0,4.035684108734131
1840,13326.0,18.0,4.032380104064941
1841,13326.0,18.0,4.02908182144165
1842,13326.0,18.0,4.025793552398682
1843,13326.0,18.0,4.022509574890137
1844,13326.0,18.0,4.019236087799072
1845,13326.0,18.0,4.015967845916748
1846,13326.0,18.0,4.01270866394043
1847,13326.0,18.0,4.009455680847168
1848,13326.0,18.0,4.0062103271484375
1849,13326.0,18.0,4.002971172332764
1850,13326.0,18.0,3.999739408493042
1851,13326.0,18.0,3.996514797210694
1852,13326.0,18.0,3.9932961463928223
1853,13326.0,18.0,3.99008584022522
1854,13326.0,18.0,3.986879587173462
1855,13326.0,18.0,3.9836831092834473
1856,13326.0,18.0,3.980489730834961
1857,13326.0,18.0,3.977307796478271
1858,13326.0,18.0,3.9741265773773193
1859,13326.0,18.0,3.970957756042481
1860,13326.0,18.0,3.9677886962890625
1861,13326.0,18.0,3.9646332263946538
1862,13326.0,18.0,3.9614758491516113
1863,13326.0,18.0,3.958334445953369
1864,13326.0,18.0,3.955187559127808
1865,13326.0,18.0,3.9520585536956783
1866,13326.0,18.0,3.9489221572875977
1867,13326.0,18.0,3.9458062648773193
1868,13326.0,18.0,3.9426794052124023
1869,13326.0,18.0,3.939574956893921
1870,13326.0,18.0,3.936456680297851
1871,13326.0,18.0,3.933364152908325
1872,13326.0,18.0,3.9302539825439458
1873,13326.0,18.0,3.9271721839904785
1874,13326.0,18.0,3.9240684509277344
1875,13326.0,18.0,3.920996904373169
1876,13326.0,18.0,3.9178988933563232
1877,13326.0,18.0,3.914837121963501
1878,13326.0,18.0,3.9117445945739746
1879,13326.0,18.0,3.9086906909942623
1880,13326.0,18.0,3.90560245513916
1881,13326.0,18.0,3.902556180953979
1882,13326.0,18.0,3.8994710445404057
1883,13326.0,18.0,3.8964319229125977
1884,13326.0,18.0,3.8933489322662354
1885,13326.0,18.0,3.890315532684326
1886,13326.0,18.0,3.887234687805176
1887,13326.0,18.0,3.884206295013428
1888,13326.0,18.0,3.881126880645752
1889,13326.0,18.0,3.8781023025512695
1890,13326.0,18.0,3.8750250339508057
1891,13326.0,18.0,3.87200379371643
1892,13326.0,18.0,3.868931293487549
1893,13326.0,18.0,3.8659133911132817
1894,13326.0,18.0,3.862847328186035
1895,13326.0,18.0,3.859835147857666
1896,13326.0,18.0,3.8567800521850586
1897,13326.0,18.0,3.853773355484009
1898,13326.0,18.0,3.850735664367676
1899,13326.0,18.0,3.847736835479736
1900,13326.0,18.0,3.8447210788726807
1901,13326.0,18.0,3.841729640960694
1902,13326.0,18.0,3.83873987197876
1903,13326.0,18.0,3.835753917694092
1904,13326.0,18.0,3.8327910900115967
1905,13326.0,18.0,3.829799890518189
1906,13326.0,18.0,3.826857089996338
1907,13326.0,18.0,3.8238413333892822
1908,13326.0,18.0,3.8208999633789062
1909,13326.0,18.0,3.8178203105926514
1910,13326.0,18.0,3.814842939376831
1911,13326.0,18.0,3.811622381210327
1912,13326.0,18.0,3.808539867401123
1913,13326.0,18.0,3.805017948150635
1914,13326.0,18.0,3.8016860485076904
1915,13326.0,18.0,3.7974698543548584
1916,13326.0,18.0,3.7935550212860103
1917,13326.0,18.0,3.789704799652099
1918,13326.0,18.0,3.7861711978912354
1919,13326.0,18.0,3.7829320430755615
1920,13326.0,18.0,3.779857873916626
1921,13326.0,18.0,3.7770235538482666
1922,13326.0,18.0,3.774424552917481
1923,13326.0,18.0,3.7720131874084473
1924,13326.0,18.0,3.769697666168213
1925,13326.0,18.0,3.7675256729125977
1926,13326.0,18.0,3.765467643737793
1927,13326.0,18.0,3.763490676879883
1928,13326.0,18.0,3.761586427688598
1929,13326.0,18.0,3.759737491607666
1930,13326.0,18.0,3.757933616638184
1931,13326.0,18.0,3.7561538219451904
1932,13326.0,18.0,3.754389762878418
1933,13326.0,18.0,3.752628087997437
1934,13326.0,18.0,3.7508602142333984
1935,13326.0,18.0,3.7490742206573486
1936,13326.0,18.0,3.7472617626190186
1937,13326.0,18.0,3.745414495468139
1938,13326.0,18.0,3.743520975112915
1939,13326.0,18.0,3.741584300994873
1940,13326.0,18.0,3.7395875453948975
1941,13326.0,18.0,3.737532377243042
1942,13326.0,18.0,3.735410928726196
1943,13326.0,18.0,3.7332282066345215
1944,13326.0,18.0,3.730981349945069
1945,13326.0,18.0,3.728669643402099
1946,13326.0,18.0,3.7263007164001465
1947,13326.0,18.0,3.723872661590576
1948,13326.0,18.0,3.721400737762451
1949,13326.0,18.0,3.718885898590088
1950,13326.0,18.0,3.7163398265838623
1951,13326.0,18.0,3.713757753372192
1952,13326.0,18.0,3.711149215698242
1953,13326.0,18.0,3.7085070610046382
1954,13326.0,18.0,3.7058441638946538
1955,13326.0,18.0,3.7031500339508057
1956,13326.0,18.0,3.700441360473633
1957,13326.0,18.0,3.697702407836914
1958,13326.0,18.0,3.694952726364136
1959,13326.0,18.0,3.692174673080444
1960,13326.0,18.0,3.689387559890747
1961,13326.0,18.0,3.6865758895874023
1962,13326.0,18.0,3.683757781982422
1963,13326.0,18.0,3.680920362472534
1964,13326.0,18.0,3.678077459335327
1965,13326.0,18.0,3.675220251083374
1966,13326.0,18.0,3.672356367111206
1967,13326.0,18.0,3.6694788932800297
1968,13326.0,18.0,3.666594982147217
1969,13326.0,18.0,3.663703441619873
1970,13326.0,18.0,3.6608071327209473
1971,13326.0,18.0,3.6579062938690186
1972,13326.0,18.0,3.65499496459961
1973,13326.0,18.0,3.652085065841675
1974,13326.0,18.0,3.6491589546203618
1975,13326.0,18.0,3.646244525909424
1976,13326.0,18.0,3.643299102783203
1977,13326.0,18.0,3.640375852584839
1978,13326.0,18.0,3.637406349182129
1979,13326.0,18.0,3.6344714164733887
1980,13326.0,18.0,3.631472587585449
1981,13326.0,18.0,3.6285183429718018
1982,13326.0,18.0,3.6254844665527344
1983,13326.0,18.0,3.622504711151123
1984,13326.0,18.0,3.619439125061035
1985,13326.0,18.0,3.616431951522827
1986,13326.0,18.0,3.613346815109253
1987,13326.0,18.0,3.6103131771087646
1988,13326.0,18.0,3.6072280406951904
1989,13326.0,18.0,3.604172706604004
1990,13326.0,18.0,3.601104259490967
1991,13326.0,18.0,3.598030805587769
1992,13326.0,18.0,3.594977378845215
1993,13326.0,18.0,3.591880798339844
1994,13326.0,18.0,3.5888257026672363
1995,13326.0,18.0,3.585697650909424
1996,13326.0,18.0,3.5826258659362793
1997,13326.0,18.0,3.5794637203216553
1998,13326.0,18.0,3.576364040374756
1999,13326.0,18.0,3.5731871128082275
