step,discrete_cut,gap,entropy
0,-12.0,2012.0,552.4988403320312
1,-786.0,2786.0,0.10564041137695312
2,-681.0,2681.0,6.67572021484375e-06
3,-580.0,2580.0,0.0
4,-478.0,2478.0,0.0
5,-379.0,2379.0,0.0
6,-270.0,2270.0,0.0
7,-68.0,2068.0,0.0
8,18.0,1982.0,0.0
9,142.0,1858.0,0.0
10,40.0,1960.0,0.0
11,-544.0,2544.0,0.006897926330566406
12,-805.0,2805.0,10.415346145629883
13,-290.0,2290.0,162.54945373535156
14,-182.0,2182.0,113.4289779663086
15,299.0,1701.0,72.5920181274414
16,411.0,1589.0,11.441823959350586
17,567.0,1433.0,4.744744300842285
18,730.0,1270.0,1.2938281297683716
19,845.0,1155.0,2.0758426189422607
20,927.0,1073.0,1.05145263671875
21,1000.0,1000.0,0.49498987197875977
22,1012.0,988.0,0.6303854584693909
23,1082.0,918.0,1.401565670967102
24,1219.0,781.0,0.2813117504119873
25,1231.0,769.0,1.0019001960754395
26,1115.0,885.0,12.781229019165039
27,602.0,1398.0,47.75932693481445
28,350.0,1650.0,73.6055908203125
29,431.0,1569.0,38.30836486816406
30,575.0,1425.0,13.646553039550781
31,711.0,1289.0,7.031558036804199
32,774.0,1226.0,2.401653289794922
33,824.0,1176.0,1.9971706867218018
34,865.0,1135.0,2.538588285446167
35,913.0,1087.0,0.7988336086273193
36,1039.0,961.0,0.7245668768882751
37,1099.0,901.0,1.0323946475982666
38,1191.0,809.0,0.431276798248291
39,1159.0,841.0,3.3391246795654297
40,881.0,1119.0,11.357600212097168
41,436.0,1564.0,23.23966407775879
42,381.0,1619.0,18.030780792236328
43,357.0,1643.0,15.455497741699219
44,390.0,1610.0,10.476221084594727
45,487.0,1513.0,6.7562336921691895
46,573.0,1427.0,5.332605361938477
47,631.0,1369.0,5.062630653381348
48,643.0,1357.0,5.421446323394775
49,757.0,1243.0,5.337124347686768
50,857.0,1143.0,6.18203067779541
51,827.0,1173.0,7.507030963897705
52,855.0,1145.0,7.1095380783081055
53,787.0,1213.0,9.451961517333984
54,675.0,1325.0,10.384000778198242
55,514.0,1486.0,9.566446304321289
56,519.0,1481.0,9.733837127685547
57,532.0,1468.0,10.633441925048828
58,649.0,1351.0,8.703367233276367
59,689.0,1311.0,6.987443923950195
60,715.0,1285.0,6.77081823348999
61,741.0,1259.0,6.381365776062012
62,765.0,1235.0,7.4536519050598145
63,731.0,1269.0,7.39299201965332
64,747.0,1253.0,7.495887756347656
65,758.0,1242.0,8.306446075439453
66,652.0,1348.0,13.764701843261719
67,632.0,1368.0,11.558999061584473
68,600.0,1400.0,11.167417526245117
69,610.0,1390.0,10.168357849121094
70,666.0,1334.0,10.012547492980957
71,750.0,1250.0,13.279542922973633
72,801.0,1199.0,12.116968154907227
73,883.0,1117.0,10.584460258483887
74,824.0,1176.0,9.7922945022583
75,866.0,1134.0,8.239595413208008
76,805.0,1195.0,10.115737915039062
77,772.0,1228.0,10.372684478759766
78,810.0,1190.0,14.370308876037598
79,727.0,1273.0,12.49249267578125
80,816.0,1184.0,10.870857238769531
81,757.0,1243.0,8.766284942626953
82,812.0,1188.0,7.807287693023682
83,799.0,1201.0,8.952345848083496
84,757.0,1243.0,8.997273445129395
85,743.0,1257.0,9.989849090576172
86,879.0,1121.0,9.489705085754395
87,851.0,1149.0,8.534138679504395
88,882.0,1118.0,11.290933609008789
89,924.0,1076.0,9.555713653564453
90,927.0,1073.0,9.398658752441406
91,1024.0,976.0,12.121490478515625
92,831.0,1169.0,11.675801277160645
93,766.0,1234.0,12.964212417602539
94,764.0,1236.0,12.642455101013184
95,818.0,1182.0,10.188870429992676
96,830.0,1170.0,10.448089599609375
97,923.0,1077.0,12.990216255187988
98,798.0,1202.0,14.470640182495117
99,829.0,1171.0,9.815906524658203
100,893.0,1107.0,9.030929565429688
101,807.0,1193.0,8.47805404663086
102,821.0,1179.0,10.435477256774902
103,723.0,1277.0,10.172539710998535
104,780.0,1220.0,8.693225860595703
105,839.0,1161.0,10.305781364440918
106,818.0,1182.0,10.762720108032227
107,808.0,1192.0,13.622840881347656
108,803.0,1197.0,17.237689971923828
109,827.0,1173.0,9.121641159057617
110,870.0,1130.0,9.667877197265625
111,828.0,1172.0,12.949935913085938
112,786.0,1214.0,14.44326114654541
113,770.0,1230.0,9.18746566772461
114,853.0,1147.0,12.591117858886719
115,927.0,1073.0,9.619651794433594
116,845.0,1155.0,9.729887962341309
117,743.0,1257.0,9.304769515991211
118,753.0,1247.0,9.028141021728516
119,718.0,1282.0,10.206748962402344
120,811.0,1189.0,7.892488479614258
121,830.0,1170.0,9.509690284729004
122,806.0,1194.0,12.639914512634277
123,913.0,1087.0,7.216253280639648
124,902.0,1098.0,10.961004257202148
125,856.0,1144.0,8.311420440673828
126,785.0,1215.0,13.05173110961914
127,875.0,1125.0,12.864385604858398
128,902.0,1098.0,14.358329772949219
129,833.0,1167.0,14.368836402893066
130,896.0,1104.0,11.5310697555542
131,1001.0,999.0,9.090371131896973
132,852.0,1148.0,9.97447395324707
133,865.0,1135.0,9.336295127868652
134,870.0,1130.0,11.027059555053711
135,908.0,1092.0,10.949295043945312
136,864.0,1136.0,10.244522094726562
137,855.0,1145.0,11.193922996520996
138,966.0,1034.0,12.438798904418945
139,861.0,1139.0,11.073585510253906
140,857.0,1143.0,10.86215591430664
141,932.0,1068.0,12.346240997314453
142,872.0,1128.0,11.304569244384766
143,902.0,1098.0,10.410726547241211
144,966.0,1034.0,10.932275772094727
145,1005.0,995.0,12.075854301452637
146,916.0,1084.0,11.212579727172852
147,893.0,1107.0,11.25589370727539
148,866.0,1134.0,12.267867088317871
149,884.0,1116.0,13.850637435913086
150,913.0,1087.0,12.928754806518555
151,932.0,1068.0,11.911234855651855
152,922.0,1078.0,11.33194637298584
153,949.0,1051.0,11.619884490966797
154,823.0,1177.0,15.487497329711914
155,834.0,1166.0,11.557538032531738
156,874.0,1126.0,9.22833251953125
157,915.0,1085.0,10.873659133911133
158,943.0,1057.0,11.715713500976562
159,985.0,1015.0,15.11525821685791
160,906.0,1094.0,11.721429824829102
161,921.0,1079.0,15.153339385986328
162,913.0,1087.0,10.356793403625488
163,931.0,1069.0,10.812371253967285
164,849.0,1151.0,13.068559646606445
165,832.0,1168.0,16.699874877929688
166,807.0,1193.0,13.251701354980469
167,684.0,1316.0,12.071070671081543
168,786.0,1214.0,10.334368705749512
169,840.0,1160.0,12.088784217834473
170,794.0,1206.0,11.962594985961914
171,921.0,1079.0,8.79354476928711
172,985.0,1015.0,11.337285041809082
173,956.0,1044.0,14.434880256652832
174,958.0,1042.0,13.696966171264648
175,1050.0,950.0,13.734736442565918
176,1054.0,946.0,13.005661010742188
177,964.0,1036.0,11.893969535827637
178,902.0,1098.0,16.672807693481445
179,977.0,1023.0,11.662662506103516
180,887.0,1113.0,12.76496696472168
181,937.0,1063.0,14.658666610717773
182,950.0,1050.0,11.278938293457031
183,827.0,1173.0,10.650390625
184,906.0,1094.0,8.770843505859375
185,796.0,1204.0,11.437024116516113
186,836.0,1164.0,11.054215431213379
187,894.0,1106.0,11.14363956451416
188,776.0,1224.0,15.780376434326172
189,863.0,1137.0,12.438522338867188
190,821.0,1179.0,13.499844551086426
191,810.0,1190.0,14.106291770935059
192,855.0,1145.0,13.435611724853516
193,780.0,1220.0,13.01004409790039
194,753.0,1247.0,13.327584266662598
195,714.0,1286.0,13.675636291503906
196,800.0,1200.0,11.133371353149414
197,787.0,1213.0,10.656129837036133
198,786.0,1214.0,10.449328422546387
199,767.0,1233.0,8.95431137084961
200,827.0,1173.0,9.10630989074707
201,861.0,1139.0,10.609614372253418
202,1016.0,984.0,10.4624605178833
203,996.0,1004.0,11.343183517456055
204,1017.0,983.0,11.42624568939209
205,1050.0,950.0,14.562411308288574
206,961.0,1039.0,12.412635803222656
207,908.0,1092.0,12.683547973632812
208,918.0,1082.0,12.262435913085938
209,1013.0,987.0,11.928006172180176
210,1056.0,944.0,12.668779373168945
211,998.0,1002.0,12.242645263671875
212,1002.0,998.0,9.831931114196777
213,1012.0,988.0,11.249746322631836
214,1021.0,979.0,11.931144714355469
215,1007.0,993.0,11.905055046081543
216,1048.0,952.0,11.96341609954834
217,1011.0,989.0,11.019800186157227
218,1029.0,971.0,13.047632217407227
219,1076.0,924.0,11.451900482177734
220,958.0,1042.0,12.907197952270508
221,936.0,1064.0,13.53769588470459
222,932.0,1068.0,11.61723518371582
223,991.0,1009.0,10.717063903808594
224,894.0,1106.0,14.840757369995117
225,1039.0,961.0,11.735307693481445
226,1015.0,985.0,14.301979064941406
227,964.0,1036.0,11.533761978149414
228,935.0,1065.0,11.202949523925781
229,937.0,1063.0,12.378036499023438
230,996.0,1004.0,11.586915969848633
231,1052.0,948.0,14.126274108886719
232,1051.0,949.0,11.631646156311035
233,1019.0,981.0,13.526019096374512
234,1013.0,987.0,12.214773178100586
235,1014.0,986.0,9.501861572265625
236,1023.0,977.0,12.501408576965332
237,1086.0,914.0,11.05090618133545
238,1121.0,879.0,10.667594909667969
239,1085.0,915.0,13.873706817626953
240,1062.0,938.0,15.501842498779297
241,1081.0,919.0,9.11013412475586
242,1128.0,872.0,11.938061714172363
243,1022.0,978.0,12.679603576660156
244,1074.0,926.0,11.444682121276855
245,1112.0,888.0,9.856637001037598
246,1127.0,873.0,10.860696792602539
247,1094.0,906.0,12.125608444213867
248,1069.0,931.0,12.013694763183594
249,1167.0,833.0,12.169090270996094
250,1070.0,930.0,14.903128623962402
251,1077.0,923.0,14.28842544555664
252,1119.0,881.0,8.09545612335205
253,1134.0,866.0,11.52224063873291
254,1109.0,891.0,13.792427062988281
255,1122.0,878.0,11.226554870605469
256,1143.0,857.0,12.005006790161133
257,1135.0,865.0,11.53149700164795
258,1181.0,819.0,10.682842254638672
259,1134.0,866.0,13.626433372497559
260,1071.0,929.0,14.264378547668457
261,1053.0,947.0,13.359353065490723
262,1014.0,986.0,12.593294143676758
263,1056.0,944.0,10.401057243347168
264,1063.0,937.0,13.598808288574219
265,1004.0,996.0,12.391706466674805
266,994.0,1006.0,14.39404296875
267,1029.0,971.0,13.051788330078125
268,1071.0,929.0,15.639267921447754
269,1135.0,865.0,15.905654907226562
270,1201.0,799.0,13.787246704101562
271,1101.0,899.0,16.651309967041016
272,1181.0,819.0,11.138372421264648
273,1072.0,928.0,13.169746398925781
274,1081.0,919.0,16.654926300048828
275,1137.0,863.0,13.635354042053223
276,1123.0,877.0,15.623896598815918
277,1103.0,897.0,13.874013900756836
278,1294.0,706.0,11.719038009643555
279,1208.0,792.0,13.787343978881836
280,1192.0,808.0,11.929447174072266
281,1192.0,808.0,11.753988265991211
282,1151.0,849.0,14.02532958984375
283,1130.0,870.0,11.793251991271973
284,1170.0,830.0,11.199427604675293
285,1183.0,817.0,13.748980522155762
286,1189.0,811.0,11.216449737548828
287,1096.0,904.0,16.130517959594727
288,1094.0,906.0,14.302827835083008
289,1126.0,874.0,9.870383262634277
290,1133.0,867.0,13.602195739746094
291,1114.0,886.0,13.009873390197754
292,1088.0,912.0,13.16201400756836
293,1050.0,950.0,13.301973342895508
294,1098.0,902.0,13.800912857055664
295,1048.0,952.0,11.630910873413086
296,1153.0,847.0,13.808968544006348
297,1205.0,795.0,12.119718551635742
298,1212.0,788.0,12.98426342010498
299,1246.0,754.0,15.463735580444336
300,1224.0,776.0,13.014802932739258
301,1243.0,757.0,12.530022621154785
302,1301.0,699.0,12.499359130859375
303,1368.0,632.0,10.452999114990234
304,1393.0,607.0,10.993498802185059
305,1255.0,745.0,14.811098098754883
306,1231.0,769.0,13.505989074707031
307,1261.0,739.0,12.181936264038086
308,1326.0,674.0,14.608375549316406
309,1232.0,768.0,14.315987586975098
310,1195.0,805.0,14.697528839111328
311,1167.0,833.0,12.028164863586426
312,1153.0,847.0,12.91131591796875
313,1136.0,864.0,15.767173767089844
314,1155.0,845.0,16.243263244628906
315,1153.0,847.0,15.871742248535156
316,1163.0,837.0,13.929428100585938
317,1180.0,820.0,11.800804138183594
318,1209.0,791.0,14.118247985839844
319,1287.0,713.0,15.496429443359375
320,1158.0,842.0,13.806251525878906
321,1306.0,694.0,14.936481475830078
322,1274.0,726.0,15.463824272155762
323,1248.0,752.0,13.977851867675781
324,1217.0,783.0,17.014896392822266
325,1257.0,743.0,9.28759765625
326,1207.0,793.0,15.257152557373047
327,1151.0,849.0,15.32692813873291
328,1144.0,856.0,13.407110214233398
329,1205.0,795.0,14.416218757629395
330,1214.0,786.0,14.157556533813477
331,1198.0,802.0,15.29440689086914
332,1136.0,864.0,14.118401527404785
333,1108.0,892.0,15.454144477844238
334,1114.0,886.0,14.995904922485352
335,1059.0,941.0,16.736114501953125
336,1039.0,961.0,17.559873580932617
337,1061.0,939.0,16.01871681213379
338,1062.0,938.0,15.429922103881836
339,1018.0,982.0,11.204583168029785
340,1021.0,979.0,14.52794075012207
341,1034.0,966.0,16.940889358520508
342,1095.0,905.0,13.707503318786621
343,1110.0,890.0,12.310407638549805
344,1166.0,834.0,14.083011627197266
345,1170.0,830.0,10.332162857055664
346,1277.0,723.0,11.58981704711914
347,1245.0,755.0,14.268393516540527
348,1230.0,770.0,12.605334281921387
349,1147.0,853.0,16.1060791015625
350,1119.0,881.0,17.826213836669922
351,1142.0,858.0,14.175131797790527
352,1209.0,791.0,11.994277954101562
353,1209.0,791.0,11.127435684204102
354,1258.0,742.0,12.317307472229004
355,1140.0,860.0,15.31418514251709
356,1114.0,886.0,15.064386367797852
357,986.0,1014.0,13.396903038024902
358,1080.0,920.0,17.15519905090332
359,1064.0,936.0,13.342668533325195
360,1089.0,911.0,14.764453887939453
361,1106.0,894.0,13.886632919311523
362,1187.0,813.0,14.43751335144043
363,1128.0,872.0,13.930231094360352
364,1010.0,990.0,14.332425117492676
365,1174.0,826.0,16.21997833251953
366,1182.0,818.0,18.624034881591797
367,1162.0,838.0,13.178205490112305
368,1273.0,727.0,11.693315505981445
369,1246.0,754.0,14.015192031860352
370,1300.0,700.0,14.959664344787598
371,1228.0,772.0,16.24987030029297
372,1306.0,694.0,14.749980926513672
373,1193.0,807.0,16.810617446899414
374,1298.0,702.0,17.45724105834961
375,1321.0,679.0,14.94047737121582
376,1317.0,683.0,14.792850494384766
377,1314.0,686.0,15.56332778930664
378,1343.0,657.0,16.767702102661133
379,1241.0,759.0,16.303560256958008
380,1245.0,755.0,13.469632148742676
381,1290.0,710.0,12.663488388061523
382,1323.0,677.0,13.306783676147461
383,1305.0,695.0,13.38054084777832
384,1181.0,819.0,13.175688743591309
385,1185.0,815.0,11.080699920654297
386,1215.0,785.0,10.899328231811523
387,1201.0,799.0,14.95103645324707
388,1140.0,860.0,14.587162017822266
389,1160.0,840.0,15.005899429321289
390,1274.0,726.0,10.827341079711914
391,1232.0,768.0,15.744640350341797
392,1308.0,692.0,14.88593864440918
393,1261.0,739.0,14.679752349853516
394,1263.0,737.0,16.38054847717285
395,1279.0,721.0,12.237264633178711
396,1332.0,668.0,12.655632019042969
397,1342.0,658.0,12.979654312133789
398,1249.0,751.0,17.41061019897461
399,1286.0,714.0,11.69503116607666
400,1294.0,706.0,10.948565483093262
401,1247.0,753.0,15.158869743347168
402,1181.0,819.0,17.524803161621094
403,1248.0,752.0,17.06074333190918
404,1220.0,780.0,12.672061920166016
405,1200.0,800.0,18.43661880493164
406,1300.0,700.0,18.175500869750977
407,1250.0,750.0,18.374187469482422
408,1300.0,700.0,19.547988891601562
409,1330.0,670.0,16.394641876220703
410,1316.0,684.0,11.344348907470703
411,1305.0,695.0,13.613224029541016
412,1311.0,689.0,12.57100772857666
413,1349.0,651.0,10.97104263305664
414,1314.0,686.0,13.976211547851562
415,1351.0,649.0,14.98318862915039
416,1355.0,645.0,14.784992218017578
417,1364.0,636.0,15.040398597717285
418,1251.0,749.0,12.352221488952637
419,1316.0,684.0,11.672929763793945
420,1235.0,765.0,16.696495056152344
421,1295.0,705.0,16.970876693725586
422,1268.0,732.0,21.45309829711914
423,1347.0,653.0,15.665231704711914
424,1381.0,619.0,12.716540336608887
425,1384.0,616.0,13.236917495727539
426,1403.0,597.0,12.687454223632812
427,1470.0,530.0,16.968549728393555
428,1381.0,619.0,11.339427947998047
429,1328.0,672.0,15.673086166381836
430,1350.0,650.0,16.412017822265625
431,1310.0,690.0,16.767608642578125
432,1339.0,661.0,15.17930793762207
433,1374.0,626.0,11.823484420776367
434,1288.0,712.0,13.246451377868652
435,1278.0,722.0,19.844898223876953
436,1304.0,696.0,18.07775115966797
437,1337.0,663.0,19.29920196533203
438,1335.0,665.0,17.351591110229492
439,1301.0,699.0,14.743644714355469
440,1295.0,705.0,17.702844619750977
441,1309.0,691.0,16.93958854675293
442,1289.0,711.0,19.729049682617188
443,1208.0,792.0,17.005416870117188
444,1338.0,662.0,15.533735275268555
445,1287.0,713.0,15.186781883239746
446,1314.0,686.0,12.240581512451172
447,1323.0,677.0,15.603504180908203
448,1274.0,726.0,17.717758178710938
449,1336.0,664.0,16.011749267578125
450,1335.0,665.0,19.681453704833984
451,1313.0,687.0,16.926170349121094
452,1352.0,648.0,17.117538452148438
453,1319.0,681.0,16.263591766357422
454,1338.0,662.0,15.479181289672852
455,1304.0,696.0,14.434951782226562
456,1343.0,657.0,16.9180850982666
457,1288.0,712.0,16.24477195739746
458,1298.0,702.0,14.217422485351562
459,1309.0,691.0,13.121585845947266
460,1400.0,600.0,12.386302947998047
461,1337.0,663.0,16.73015594482422
462,1305.0,695.0,18.60834312438965
463,1190.0,810.0,19.85028076171875
464,1298.0,702.0,18.162662506103516
465,1278.0,722.0,17.011138916015625
466,1317.0,683.0,11.197737693786621
467,1327.0,673.0,13.093964576721191
468,1260.0,740.0,15.103476524353027
469,1313.0,687.0,13.00864028930664
470,1262.0,738.0,15.040141105651855
471,1241.0,759.0,18.05990982055664
472,1228.0,772.0,17.40247344970703
473,1368.0,632.0,14.293880462646484
474,1400.0,600.0,12.079465866088867
475,1385.0,615.0,17.526100158691406
476,1340.0,660.0,17.93152618408203
477,1303.0,697.0,17.09627914428711
478,1379.0,621.0,19.06497573852539
479,1386.0,614.0,18.897348403930664
480,1340.0,660.0,17.41436004638672
481,1377.0,623.0,17.004562377929688
482,1262.0,738.0,18.131145477294922
483,1311.0,689.0,16.461711883544922
484,1282.0,718.0,14.974053382873535
485,1333.0,667.0,11.129922866821289
486,1238.0,762.0,18.09844207763672
487,1219.0,781.0,15.535242080688477
488,1324.0,676.0,11.20056438446045
489,1304.0,696.0,14.665779113769531
490,1277.0,723.0,16.402219772338867
491,1250.0,750.0,17.754072189331055
492,1342.0,658.0,15.76435375213623
493,1388.0,612.0,14.978498458862305
494,1428.0,572.0,15.478586196899414
495,1377.0,623.0,13.94969367980957
496,1404.0,596.0,13.834535598754883
497,1408.0,592.0,15.000556945800781
498,1407.0,593.0,14.439117431640625
499,1334.0,666.0,19.447654724121094
500,1382.0,618.0,16.90262794494629
501,1312.0,688.0,12.731085777282715
502,1351.0,649.0,15.072247505187988
503,1425.0,575.0,15.703912734985352
504,1332.0,668.0,14.714319229125977
505,1347.0,653.0,12.729057312011719
506,1382.0,618.0,14.307897567749023
507,1382.0,618.0,15.434035301208496
508,1353.0,647.0,17.532451629638672
509,1390.0,610.0,18.64645767211914
510,1468.0,532.0,18.30954360961914
511,1478.0,522.0,13.983612060546875
512,1409.0,591.0,19.765758514404297
513,1271.0,729.0,18.808931350708008
514,1363.0,637.0,15.690694808959961
515,1395.0,605.0,15.363593101501465
516,1408.0,592.0,17.129106521606445
517,1416.0,584.0,16.26612663269043
518,1303.0,697.0,15.778282165527344
519,1402.0,598.0,14.291245460510254
520,1311.0,689.0,17.122404098510742
521,1309.0,691.0,20.744007110595703
522,1245.0,755.0,19.070171356201172
523,1342.0,658.0,14.097522735595703
524,1388.0,612.0,14.975970268249512
525,1382.0,618.0,20.595535278320312
526,1352.0,648.0,19.424409866333008
527,1353.0,647.0,18.723600387573242
528,1376.0,624.0,15.69495964050293
529,1375.0,625.0,15.65951156616211
530,1344.0,656.0,20.271512985229492
531,1407.0,593.0,16.424861907958984
532,1443.0,557.0,15.671639442443848
533,1440.0,560.0,12.834725379943848
534,1435.0,565.0,16.60589027404785
535,1478.0,522.0,21.315183639526367
536,1492.0,508.0,18.21672248840332
537,1417.0,583.0,16.423751831054688
538,1491.0,509.0,15.029916763305664
539,1456.0,544.0,18.530445098876953
540,1499.0,501.0,17.107601165771484
541,1479.0,521.0,15.401046752929688
542,1498.0,502.0,14.115998268127441
543,1504.0,496.0,15.571443557739258
544,1571.0,429.0,15.91979694366455
545,1435.0,565.0,16.03635597229004
546,1483.0,517.0,16.907978057861328
547,1498.0,502.0,15.657646179199219
548,1485.0,515.0,15.700214385986328
549,1487.0,513.0,16.455791473388672
550,1505.0,495.0,15.942246437072754
551,1551.0,449.0,15.630646705627441
552,1507.0,493.0,17.77023696899414
553,1434.0,566.0,22.44001007080078
554,1505.0,495.0,16.626602172851562
555,1545.0,455.0,15.815021514892578
556,1523.0,477.0,16.313522338867188
557,1532.0,468.0,15.888284683227539
558,1541.0,459.0,16.274065017700195
559,1489.0,511.0,17.032506942749023
560,1503.0,497.0,18.98552703857422
561,1547.0,453.0,21.467201232910156
562,1467.0,533.0,21.1220645904541
563,1507.0,493.0,18.536418914794922
564,1494.0,506.0,16.04865264892578
565,1523.0,477.0,20.0694580078125
566,1488.0,512.0,21.910266876220703
567,1413.0,587.0,20.74594497680664
568,1447.0,553.0,19.256223678588867
569,1471.0,529.0,15.498531341552734
570,1506.0,494.0,16.996200561523438
571,1434.0,566.0,17.390548706054688
572,1469.0,531.0,17.413780212402344
573,1430.0,570.0,20.667505264282227
574,1491.0,509.0,21.992467880249023
575,1489.0,511.0,19.51803207397461
576,1471.0,529.0,18.263324737548828
577,1495.0,505.0,16.438491821289062
578,1553.0,447.0,19.099496841430664
579,1523.0,477.0,18.55071449279785
580,1471.0,529.0,18.566837310791016
581,1445.0,555.0,19.052528381347656
582,1424.0,576.0,17.898855209350586
583,1508.0,492.0,14.96706771850586
584,1476.0,524.0,19.189558029174805
585,1508.0,492.0,17.033123016357422
586,1428.0,572.0,21.39977264404297
587,1458.0,542.0,22.391494750976562
588,1482.0,518.0,20.708646774291992
589,1437.0,563.0,17.573923110961914
590,1434.0,566.0,15.845396041870117
591,1454.0,546.0,18.253496170043945
592,1418.0,582.0,22.649677276611328
593,1377.0,623.0,21.597328186035156
594,1382.0,618.0,22.357994079589844
595,1481.0,519.0,17.62073516845703
596,1551.0,449.0,13.804792404174805
597,1556.0,444.0,15.245014190673828
598,1529.0,471.0,19.603548049926758
599,1409.0,591.0,17.70598030090332
600,1374.0,626.0,23.142433166503906
601,1541.0,459.0,21.0710391998291
602,1448.0,552.0,24.776763916015625
603,1454.0,546.0,17.137102127075195
604,1484.0,516.0,16.528945922851562
605,1463.0,537.0,15.859708786010742
606,1443.0,557.0,17.146347045898438
607,1474.0,526.0,19.027637481689453
608,1398.0,602.0,19.078636169433594
609,1498.0,502.0,18.217451095581055
610,1492.0,508.0,16.802288055419922
611,1542.0,458.0,14.989399909973145
612,1503.0,497.0,16.403837203979492
613,1483.0,517.0,17.099693298339844
614,1387.0,613.0,17.387248992919922
615,1464.0,536.0,19.276081085205078
616,1430.0,570.0,21.78148651123047
617,1458.0,542.0,21.070804595947266
618,1541.0,459.0,17.803241729736328
619,1503.0,497.0,19.005014419555664
620,1469.0,531.0,19.43821144104004
621,1443.0,557.0,18.584131240844727
622,1527.0,473.0,15.840645790100098
623,1522.0,478.0,17.744462966918945
624,1496.0,504.0,17.24236297607422
625,1492.0,508.0,14.33424186706543
626,1508.0,492.0,19.219236373901367
627,1415.0,585.0,19.10678482055664
628,1476.0,524.0,22.349952697753906
629,1403.0,597.0,23.790210723876953
630,1500.0,500.0,21.962554931640625
631,1519.0,481.0,20.52588653564453
632,1491.0,509.0,19.714134216308594
633,1500.0,500.0,20.50857162475586
634,1523.0,477.0,17.222999572753906
635,1501.0,499.0,17.406740188598633
636,1487.0,513.0,17.596786499023438
637,1476.0,524.0,13.368036270141602
638,1539.0,461.0,13.822151184082031
639,1536.0,464.0,16.199718475341797
640,1465.0,535.0,18.11965560913086
641,1474.0,526.0,15.498103141784668
642,1459.0,541.0,18.89808464050293
643,1415.0,585.0,22.500280380249023
644,1431.0,569.0,17.768150329589844
645,1432.0,568.0,18.59748077392578
646,1456.0,544.0,17.88637351989746
647,1469.0,531.0,17.61461639404297
648,1436.0,564.0,23.914974212646484
649,1472.0,528.0,22.582489013671875
650,1517.0,483.0,19.377437591552734
651,1529.0,471.0,15.9197998046875
652,1530.0,470.0,15.577985763549805
653,1482.0,518.0,16.9891300201416
654,1568.0,432.0,16.91069221496582
655,1548.0,452.0,19.012754440307617
656,1478.0,522.0,21.416702270507812
657,1487.0,513.0,23.018184661865234
658,1487.0,513.0,19.934633255004883
659,1513.0,487.0,20.804182052612305
660,1475.0,525.0,19.680400848388672
661,1486.0,514.0,20.27857208251953
662,1421.0,579.0,19.820892333984375
663,1529.0,471.0,20.247364044189453
664,1511.0,489.0,21.637935638427734
665,1639.0,361.0,16.485261917114258
666,1568.0,432.0,18.60236358642578
667,1574.0,426.0,16.497150421142578
668,1556.0,444.0,18.45512580871582
669,1552.0,448.0,18.648439407348633
670,1509.0,491.0,15.598889350891113
671,1556.0,444.0,16.92226791381836
672,1531.0,469.0,17.962017059326172
673,1542.0,458.0,18.82000732421875
674,1592.0,408.0,22.005908966064453
675,1520.0,480.0,23.76230239868164
676,1509.0,491.0,20.411846160888672
677,1457.0,543.0,22.289024353027344
678,1481.0,519.0,19.906518936157227
679,1449.0,551.0,21.32937240600586
680,1446.0,554.0,18.273839950561523
681,1384.0,616.0,18.372955322265625
682,1423.0,577.0,21.751445770263672
683,1399.0,601.0,16.431550979614258
684,1447.0,553.0,14.534025192260742
685,1460.0,540.0,17.7830753326416
686,1481.0,519.0,19.59173583984375
687,1513.0,487.0,18.053211212158203
688,1429.0,571.0,20.802711486816406
689,1454.0,546.0,18.07181167602539
690,1484.0,516.0,20.76797103881836
691,1502.0,498.0,21.298009872436523
692,1442.0,558.0,21.1834774017334
693,1530.0,470.0,18.289501190185547
694,1490.0,510.0,20.212060928344727
695,1531.0,469.0,17.821388244628906
696,1546.0,454.0,16.727405548095703
697,1595.0,405.0,17.674171447753906
698,1593.0,407.0,16.545469284057617
699,1575.0,425.0,18.838241577148438
700,1582.0,418.0,18.796010971069336
701,1610.0,390.0,17.716745376586914
702,1621.0,379.0,19.14457893371582
703,1615.0,385.0,21.352237701416016
704,1635.0,365.0,21.185686111450195
705,1530.0,470.0,22.150163650512695
706,1581.0,419.0,21.553966522216797
707,1514.0,486.0,22.30423927307129
708,1556.0,444.0,19.83720588684082
709,1673.0,327.0,19.498449325561523
710,1614.0,386.0,20.022016525268555
711,1591.0,409.0,18.880189895629883
712,1594.0,406.0,17.145933151245117
713,1582.0,418.0,21.483741760253906
714,1635.0,365.0,21.18682289123535
715,1621.0,379.0,22.07253646850586
716,1607.0,393.0,24.012859344482422
717,1665.0,335.0,20.852052688598633
718,1633.0,367.0,20.32180404663086
719,1662.0,338.0,20.254283905029297
720,1526.0,474.0,22.489219665527344
721,1617.0,383.0,20.605314254760742
722,1608.0,392.0,19.215721130371094
723,1565.0,435.0,20.530563354492188
724,1584.0,416.0,21.97541046142578
725,1592.0,408.0,21.295970916748047
726,1547.0,453.0,25.321575164794922
727,1530.0,470.0,21.605403900146484
728,1556.0,444.0,19.844308853149414
729,1536.0,464.0,25.530731201171875
730,1595.0,405.0,22.602006912231445
731,1595.0,405.0,21.058063507080078
732,1602.0,398.0,22.058948516845703
733,1612.0,388.0,28.02176284790039
734,1554.0,446.0,23.186935424804688
735,1558.0,442.0,23.407228469848633
736,1600.0,400.0,19.682628631591797
737,1667.0,333.0,19.018585205078125
738,1692.0,308.0,16.623085021972656
739,1732.0,268.0,17.213653564453125
740,1717.0,283.0,21.144153594970703
741,1697.0,303.0,22.571441650390625
742,1681.0,319.0,21.422250747680664
743,1682.0,318.0,21.353734970092773
744,1735.0,265.0,20.99742317199707
745,1712.0,288.0,19.691356658935547
746,1670.0,330.0,19.971065521240234
747,1695.0,305.0,23.795692443847656
748,1641.0,359.0,21.736900329589844
749,1683.0,317.0,22.679508209228516
750,1627.0,373.0,24.8092098236084
751,1707.0,293.0,20.771976470947266
752,1774.0,226.0,20.137550354003906
753,1721.0,279.0,22.8309326171875
754,1699.0,301.0,22.34011459350586
755,1661.0,339.0,21.304458618164062
756,1743.0,257.0,22.158855438232422
757,1763.0,237.0,24.163272857666016
758,1689.0,311.0,21.778831481933594
759,1721.0,279.0,21.220563888549805
760,1728.0,272.0,22.12859535217285
761,1676.0,324.0,22.697452545166016
762,1715.0,285.0,24.447795867919922
763,1673.0,327.0,28.768211364746094
764,1691.0,309.0,26.397546768188477
765,1710.0,290.0,24.72357177734375
766,1678.0,322.0,26.088388442993164
767,1689.0,311.0,22.727333068847656
768,1681.0,319.0,22.974628448486328
769,1652.0,348.0,25.28060531616211
770,1628.0,372.0,26.85887908935547
771,1706.0,294.0,22.777101516723633
772,1727.0,273.0,22.92504119873047
773,1734.0,266.0,23.370176315307617
774,1674.0,326.0,24.095325469970703
775,1658.0,342.0,22.0782527923584
776,1640.0,360.0,24.841815948486328
777,1626.0,374.0,26.339832305908203
778,1605.0,395.0,27.241188049316406
779,1598.0,402.0,25.465322494506836
780,1625.0,375.0,19.58902931213379
781,1609.0,391.0,19.97702407836914
782,1620.0,380.0,23.979942321777344
783,1608.0,392.0,23.82210922241211
784,1630.0,370.0,25.250904083251953
785,1623.0,377.0,23.40507698059082
786,1644.0,356.0,23.319026947021484
787,1670.0,330.0,22.939950942993164
788,1679.0,321.0,24.927322387695312
789,1623.0,377.0,23.699932098388672
790,1560.0,440.0,25.021224975585938
791,1591.0,409.0,27.785892486572266
792,1656.0,344.0,27.04370880126953
793,1671.0,329.0,26.498653411865234
794,1723.0,277.0,22.446887969970703
795,1699.0,301.0,23.56943130493164
796,1750.0,250.0,23.203569412231445
797,1775.0,225.0,23.40530014038086
798,1738.0,262.0,23.855148315429688
799,1768.0,232.0,24.316484451293945
800,1789.0,211.0,25.516765594482422
801,1774.0,226.0,25.474708557128906
802,1703.0,297.0,27.821369171142578
803,1763.0,237.0,25.541261672973633
804,1721.0,279.0,28.254070281982422
805,1688.0,312.0,32.046958923339844
806,1735.0,265.0,24.903779983520508
807,1685.0,315.0,24.48124122619629
808,1729.0,271.0,26.386863708496094
809,1705.0,295.0,23.784711837768555
810,1705.0,295.0,23.655122756958008
811,1670.0,330.0,25.080093383789062
812,1720.0,280.0,22.63469696044922
813,1743.0,257.0,24.024738311767578
814,1736.0,264.0,28.287353515625
815,1683.0,317.0,28.54736328125
816,1707.0,293.0,24.982593536376953
817,1722.0,278.0,25.145610809326172
818,1705.0,295.0,28.939302444458008
819,1629.0,371.0,27.062421798706055
820,1638.0,362.0,25.586179733276367
821,1618.0,382.0,27.758909225463867
822,1628.0,372.0,28.409143447875977
823,1672.0,328.0,24.589067459106445
824,1657.0,343.0,25.885395050048828
825,1729.0,271.0,27.358028411865234
826,1777.0,223.0,25.32912826538086
827,1773.0,227.0,28.35237693786621
828,1769.0,231.0,29.685131072998047
829,1810.0,190.0,25.668603897094727
830,1749.0,251.0,27.026155471801758
831,1747.0,253.0,27.551538467407227
832,1765.0,235.0,27.010713577270508
833,1770.0,230.0,28.21812629699707
834,1764.0,236.0,29.236831665039062
835,1755.0,245.0,30.831462860107422
836,1781.0,219.0,26.98436737060547
837,1774.0,226.0,23.52717399597168
838,1736.0,264.0,22.242525100708008
839,1753.0,247.0,22.864591598510742
840,1728.0,272.0,27.248165130615234
841,1707.0,293.0,29.340633392333984
842,1763.0,237.0,23.525157928466797
843,1738.0,262.0,27.74641990661621
844,1695.0,305.0,27.93988800048828
845,1762.0,238.0,26.532682418823242
846,1763.0,237.0,26.993310928344727
847,1787.0,213.0,28.601625442504883
848,1736.0,264.0,27.999237060546875
849,1785.0,215.0,26.635061264038086
850,1804.0,196.0,27.571062088012695
851,1754.0,246.0,25.131540298461914
852,1798.0,202.0,23.3528995513916
853,1777.0,223.0,27.39896011352539
854,1794.0,206.0,29.275959014892578
855,1792.0,208.0,28.81939697265625
856,1779.0,221.0,27.807886123657227
857,1685.0,315.0,26.072002410888672
858,1770.0,230.0,23.700542449951172
859,1743.0,257.0,26.658061981201172
860,1715.0,285.0,30.109867095947266
861,1740.0,260.0,31.36863899230957
862,1737.0,263.0,28.416627883911133
863,1768.0,232.0,27.456754684448242
864,1794.0,206.0,27.433544158935547
865,1793.0,207.0,26.22231101989746
866,1782.0,218.0,27.829172134399414
867,1817.0,183.0,25.249271392822266
868,1816.0,184.0,28.99777603149414
869,1833.0,167.0,28.1280574798584
870,1794.0,206.0,26.836030960083008
871,1821.0,179.0,24.86595344543457
872,1820.0,180.0,28.322175979614258
873,1807.0,193.0,31.107383728027344
874,1785.0,215.0,32.83851623535156
875,1812.0,188.0,29.616256713867188
876,1807.0,193.0,29.036678314208984
877,1811.0,189.0,32.32490158081055
878,1800.0,200.0,28.06378746032715
879,1784.0,216.0,26.656139373779297
880,1820.0,180.0,26.350383758544922
881,1779.0,221.0,26.424104690551758
882,1795.0,205.0,26.285797119140625
883,1755.0,245.0,30.561874389648438
884,1770.0,230.0,32.157676696777344
885,1734.0,266.0,31.798337936401367
886,1766.0,234.0,29.667526245117188
887,1798.0,202.0,30.387847900390625
888,1790.0,210.0,29.85296630859375
889,1816.0,184.0,29.130321502685547
890,1808.0,192.0,31.460081100463867
891,1777.0,223.0,32.94743728637695
892,1789.0,211.0,30.315780639648438
893,1835.0,165.0,26.014604568481445
894,1853.0,147.0,27.523845672607422
895,1852.0,148.0,34.17909622192383
896,1789.0,211.0,32.335777282714844
897,1845.0,155.0,30.561542510986328
898,1837.0,163.0,31.177383422851562
899,1808.0,192.0,29.528966903686523
900,1804.0,196.0,29.662612915039062
901,1786.0,214.0,29.791112899780273
902,1781.0,219.0,30.78708839416504
903,1818.0,182.0,30.553945541381836
904,1792.0,208.0,31.483938217163086
905,1792.0,208.0,30.20492935180664
906,1808.0,192.0,33.091941833496094
907,1821.0,179.0,33.25004959106445
908,1814.0,186.0,29.641511917114258
909,1805.0,195.0,29.49866485595703
910,1845.0,155.0,29.005573272705078
911,1798.0,202.0,28.946083068847656
912,1808.0,192.0,27.525781631469727
913,1801.0,199.0,29.23365592956543
914,1806.0,194.0,30.45039939880371
915,1833.0,167.0,33.64067840576172
916,1824.0,176.0,34.180599212646484
917,1779.0,221.0,32.9086799621582
918,1800.0,200.0,29.82962417602539
919,1824.0,176.0,31.0749454498291
920,1823.0,177.0,34.139373779296875
921,1850.0,150.0,30.73838233947754
922,1847.0,153.0,33.64261245727539
923,1879.0,121.0,32.38006591796875
924,1875.0,125.0,30.983505249023438
925,1877.0,123.0,29.189777374267578
926,1852.0,148.0,31.062519073486328
927,1845.0,155.0,32.486534118652344
928,1860.0,140.0,34.72465896606445
929,1859.0,141.0,30.135120391845703
930,1831.0,169.0,33.84180450439453
931,1832.0,168.0,33.04484176635742
932,1864.0,136.0,33.14878845214844
933,1845.0,155.0,34.52757263183594
934,1851.0,149.0,35.51179885864258
935,1847.0,153.0,33.48173522949219
936,1873.0,127.0,34.720516204833984
937,1860.0,140.0,36.68074417114258
938,1852.0,148.0,30.985095977783203
939,1867.0,133.0,31.400245666503906
940,1873.0,127.0,33.89643859863281
941,1838.0,162.0,38.77940368652344
942,1864.0,136.0,36.425540924072266
943,1832.0,168.0,37.9178581237793
944,1834.0,166.0,38.60238265991211
945,1873.0,127.0,36.05638122558594
946,1880.0,120.0,34.47541809082031
947,1869.0,131.0,35.875770568847656
948,1881.0,119.0,34.02473449707031
949,1917.0,83.0,34.49911880493164
950,1893.0,107.0,36.73060989379883
951,1902.0,98.0,31.976734161376953
952,1928.0,72.0,32.62864685058594
953,1915.0,85.0,33.005645751953125
954,1889.0,111.0,30.446884155273438
955,1884.0,116.0,34.3865966796875
956,1886.0,114.0,37.71641540527344
957,1878.0,122.0,39.74516677856445
958,1901.0,99.0,37.489646911621094
959,1890.0,110.0,37.26236343383789
960,1861.0,139.0,38.04767608642578
961,1820.0,180.0,37.30913162231445
962,1862.0,138.0,35.42089080810547
963,1855.0,145.0,37.504127502441406
964,1854.0,146.0,37.60310363769531
965,1880.0,120.0,38.43722152709961
966,1899.0,101.0,38.234771728515625
967,1910.0,90.0,36.16759490966797
968,1871.0,129.0,36.4365348815918
969,1865.0,135.0,38.336875915527344
970,1878.0,122.0,39.61199188232422
971,1891.0,109.0,38.68437194824219
972,1881.0,119.0,36.75703430175781
973,1892.0,108.0,35.96479034423828
974,1868.0,132.0,36.95436096191406
975,1883.0,117.0,35.91795349121094
976,1852.0,148.0,36.418148040771484
977,1839.0,161.0,37.39958190917969
978,1820.0,180.0,37.66289138793945
979,1793.0,207.0,38.6630744934082
980,1819.0,181.0,39.76059341430664
981,1847.0,153.0,38.78742599487305
982,1860.0,140.0,37.861732482910156
983,1871.0,129.0,38.021480560302734
984,1862.0,138.0,38.06623458862305
985,1821.0,179.0,40.27510070800781
986,1875.0,125.0,39.56549072265625
987,1874.0,126.0,39.42588806152344
988,1854.0,146.0,37.843116760253906
989,1875.0,125.0,38.630035400390625
990,1889.0,111.0,41.852684020996094
991,1895.0,105.0,39.70302963256836
992,1899.0,101.0,41.45944595336914
993,1898.0,102.0,37.06487274169922
994,1881.0,119.0,37.41331100463867
995,1898.0,102.0,35.10554504394531
996,1913.0,87.0,34.407142639160156
997,1912.0,88.0,37.47154998779297
998,1887.0,113.0,39.054134368896484
999,1897.0,103.0,38.390708923339844
1000,1903.0,97.0,40.86810302734375
1001,1899.0,101.0,41.4702033996582
1002,1947.0,53.0,41.15087890625
1003,1916.0,84.0,41.71858215332031
1004,1926.0,74.0,39.11247253417969
1005,1893.0,107.0,36.225582122802734
1006,1909.0,91.0,35.42376708984375
1007,1889.0,111.0,37.3885498046875
1008,1917.0,83.0,40.046634674072266
1009,1925.0,75.0,41.107177734375
1010,1946.0,54.0,42.556251525878906
1011,1920.0,80.0,39.24446105957031
1012,1927.0,73.0,40.78132629394531
1013,1924.0,76.0,37.865013122558594
1014,1909.0,91.0,38.11185836791992
1015,1882.0,118.0,40.426368713378906
1016,1898.0,102.0,41.7013053894043
1017,1918.0,82.0,40.729652404785156
1018,1910.0,90.0,40.26348876953125
1019,1923.0,77.0,39.4063720703125
1020,1922.0,78.0,41.98729705810547
1021,1913.0,87.0,43.25324249267578
1022,1947.0,53.0,39.448020935058594
1023,1935.0,65.0,40.83840560913086
1024,1924.0,76.0,41.96641540527344
1025,1947.0,53.0,41.087581634521484
1026,1936.0,64.0,42.25564956665039
1027,1960.0,40.0,41.8624267578125
1028,1901.0,99.0,42.902286529541016
1029,1950.0,50.0,41.60210418701172
1030,1942.0,58.0,45.03583526611328
1031,1926.0,74.0,47.91299819946289
1032,1968.0,32.0,44.435455322265625
1033,1969.0,31.0,42.856346130371094
1034,1952.0,48.0,39.2902946472168
1035,1944.0,56.0,38.1484489440918
1036,1950.0,50.0,39.209869384765625
1037,1938.0,62.0,41.617149353027344
1038,1952.0,48.0,42.8908576965332
1039,1942.0,58.0,45.07072448730469
1040,1936.0,64.0,46.25254821777344
1041,1926.0,74.0,47.35973358154297
1042,1870.0,130.0,47.476173400878906
1043,1892.0,108.0,46.51655960083008
1044,1902.0,98.0,47.04217529296875
1045,1924.0,76.0,43.03496551513672
1046,1939.0,61.0,40.01200866699219
1047,1932.0,68.0,39.80705261230469
1048,1933.0,67.0,40.659297943115234
1049,1923.0,77.0,42.07178497314453
1050,1944.0,56.0,43.362831115722656
1051,1961.0,39.0,44.024085998535156
1052,1937.0,63.0,47.10076904296875
1053,1964.0,36.0,49.57136535644531
1054,1950.0,50.0,47.77101516723633
1055,1962.0,38.0,45.30619812011719
1056,1968.0,32.0,46.53175354003906
1057,1908.0,92.0,46.913902282714844
1058,1934.0,66.0,44.90486145019531
1059,1945.0,55.0,43.88233947753906
1060,1936.0,64.0,44.222503662109375
1061,1947.0,53.0,43.537811279296875
1062,1958.0,42.0,45.378623962402344
1063,1949.0,51.0,45.93952941894531
1064,1972.0,28.0,44.60834503173828
1065,1942.0,58.0,45.87041091918945
1066,1948.0,52.0,46.681114196777344
1067,1934.0,66.0,46.79932403564453
1068,1934.0,66.0,46.27085876464844
1069,1922.0,78.0,48.28917694091797
1070,1911.0,89.0,47.49599075317383
1071,1914.0,86.0,47.3161506652832
1072,1951.0,49.0,47.17236328125
1073,1926.0,74.0,46.06013870239258
1074,1942.0,58.0,46.13322448730469
1075,1922.0,78.0,47.142730712890625
1076,1952.0,48.0,48.20988845825195
1077,1929.0,71.0,48.46039962768555
1078,1952.0,48.0,47.16252517700195
1079,1951.0,49.0,45.82870864868164
1080,1930.0,70.0,47.51200866699219
1081,1960.0,40.0,49.639007568359375
1082,1950.0,50.0,48.55956268310547
1083,1937.0,63.0,50.473388671875
1084,1957.0,43.0,50.588497161865234
1085,1972.0,28.0,47.77526092529297
1086,1968.0,32.0,47.15447235107422
1087,1980.0,20.0,45.53968048095703
1088,1971.0,29.0,47.827735900878906
1089,1976.0,24.0,47.65185546875
1090,1966.0,34.0,47.734554290771484
1091,1976.0,24.0,47.46775817871094
1092,1951.0,49.0,49.62164306640625
1093,1973.0,27.0,49.98017120361328
1094,1952.0,48.0,49.60417556762695
1095,1958.0,42.0,50.14600372314453
1096,1955.0,45.0,50.404972076416016
1097,1927.0,73.0,50.16712188720703
1098,1934.0,66.0,47.986228942871094
1099,1942.0,58.0,47.25550842285156
1100,1941.0,59.0,47.64960861206055
1101,1949.0,51.0,50.91009521484375
1102,1951.0,49.0,49.821163177490234
1103,1967.0,33.0,50.13501739501953
1104,1962.0,38.0,52.03622055053711
1105,1949.0,51.0,52.668827056884766
1106,1964.0,36.0,50.92853927612305
1107,1972.0,28.0,51.07407760620117
1108,1984.0,16.0,52.21160888671875
1109,1980.0,20.0,52.53184127807617
1110,1954.0,46.0,51.83076477050781
1111,1972.0,28.0,49.53942108154297
1112,1980.0,20.0,47.85382843017578
1113,1971.0,29.0,50.29377746582031
1114,1965.0,35.0,51.38256072998047
1115,1971.0,29.0,50.272377014160156
1116,1972.0,28.0,50.17877197265625
1117,1963.0,37.0,51.056922912597656
1118,1959.0,41.0,52.97576141357422
1119,1977.0,23.0,53.714778900146484
1120,1975.0,25.0,53.120643615722656
1121,1981.0,19.0,52.2821044921875
1122,1969.0,31.0,53.386131286621094
1123,1945.0,55.0,56.26597595214844
1124,1968.0,32.0,55.24528503417969
1125,1982.0,18.0,53.87928771972656
1126,1983.0,17.0,52.43796157836914
1127,1983.0,17.0,51.99287033081055
1128,1974.0,26.0,51.992462158203125
1129,1990.0,10.0,50.88597106933594
1130,1990.0,10.0,51.426429748535156
1131,1974.0,26.0,52.7833251953125
1132,1970.0,30.0,53.83673095703125
1133,1967.0,33.0,54.12611389160156
1134,1967.0,33.0,55.344871520996094
1135,1973.0,27.0,58.028411865234375
1136,1948.0,52.0,56.42688751220703
1137,1935.0,65.0,52.71405029296875
1138,1939.0,61.0,50.53375244140625
1139,1958.0,42.0,51.10723114013672
1140,1976.0,24.0,52.21637725830078
1141,1960.0,40.0,53.419551849365234
1142,1961.0,39.0,53.41563415527344
1143,1959.0,41.0,53.502418518066406
1144,1976.0,24.0,55.26029586791992
1145,1973.0,27.0,55.496742248535156
1146,1985.0,15.0,55.66187286376953
1147,1986.0,14.0,55.55323791503906
1148,1972.0,28.0,54.37809753417969
1149,1960.0,40.0,55.145660400390625
1150,1969.0,31.0,54.572078704833984
1151,1965.0,35.0,54.204689025878906
1152,1967.0,33.0,53.3019905090332
1153,1969.0,31.0,52.46064376831055
1154,1970.0,30.0,53.407798767089844
1155,1969.0,31.0,54.96786117553711
1156,1972.0,28.0,56.07093811035156
1157,1939.0,61.0,56.729103088378906
1158,1939.0,61.0,55.63441467285156
1159,1958.0,42.0,54.15570831298828
1160,1958.0,42.0,53.24147033691406
1161,1972.0,28.0,52.91691970825195
1162,1966.0,34.0,53.75005340576172
1163,1967.0,33.0,54.031742095947266
1164,1972.0,28.0,54.86442565917969
1165,1968.0,32.0,55.78944396972656
1166,1970.0,30.0,56.205841064453125
1167,1967.0,33.0,55.690101623535156
1168,1985.0,15.0,54.841346740722656
1169,1987.0,13.0,54.73319625854492
1170,1987.0,13.0,54.86219024658203
1171,1989.0,11.0,54.22007751464844
1172,1990.0,10.0,54.11780548095703
1173,1991.0,9.0,54.42420959472656
1174,1992.0,8.0,53.978790283203125
1175,1979.0,21.0,54.293975830078125
1176,1983.0,17.0,53.89496994018555
1177,1989.0,11.0,53.83823776245117
1178,1983.0,17.0,53.76381301879883
1179,1979.0,21.0,53.17608642578125
1180,1979.0,21.0,52.81262969970703
1181,1983.0,17.0,52.652442932128906
1182,1982.0,18.0,52.743431091308594
1183,1978.0,22.0,53.163421630859375
1184,1978.0,22.0,53.71933364868164
1185,1981.0,19.0,54.82819747924805
1186,1969.0,31.0,55.68452072143555
1187,1979.0,21.0,55.272300720214844
1188,1979.0,21.0,54.351593017578125
1189,1980.0,20.0,53.275787353515625
1190,1990.0,10.0,52.81902313232422
1191,1995.0,5.0,53.315982818603516
1192,1992.0,8.0,53.666446685791016
1193,1991.0,9.0,54.3879280090332
1194,1993.0,7.0,55.02327346801758
1195,1991.0,9.0,55.012603759765625
1196,1994.0,6.0,54.18776321411133
1197,1993.0,7.0,53.673465728759766
1198,1994.0,6.0,53.93206024169922
1199,1982.0,18.0,53.79475402832031
1200,1984.0,16.0,53.45040512084961
1201,1998.0,2.0,53.98194885253906
1202,1993.0,7.0,54.821998596191406
1203,1981.0,19.0,55.410892486572266
1204,1996.0,4.0,53.598358154296875
1205,1997.0,3.0,52.08797836303711
1206,1995.0,5.0,50.95140075683594
1207,1996.0,4.0,51.108150482177734
1208,1994.0,6.0,52.163082122802734
1209,1993.0,7.0,53.345882415771484
1210,1992.0,8.0,54.07676696777344
1211,1991.0,9.0,54.6172981262207
1212,1993.0,7.0,54.96811294555664
1213,1993.0,7.0,54.8834228515625
1214,1975.0,25.0,54.32862091064453
1215,1995.0,5.0,53.13035583496094
1216,1981.0,19.0,52.0850830078125
1217,1982.0,18.0,51.78643798828125
1218,1975.0,25.0,52.300209045410156
1219,1997.0,3.0,52.36305236816406
1220,1997.0,3.0,52.398902893066406
1221,1995.0,5.0,52.36656951904297
1222,1995.0,5.0,52.411170959472656
1223,1995.0,5.0,52.42109298706055
1224,1992.0,8.0,52.38617706298828
1225,1993.0,7.0,52.45524597167969
1226,1996.0,4.0,52.09595489501953
1227,1975.0,25.0,52.445308685302734
1228,1975.0,25.0,52.52365493774414
1229,1996.0,4.0,52.657806396484375
1230,1998.0,2.0,51.98798370361328
1231,1998.0,2.0,51.234127044677734
1232,1995.0,5.0,50.30597686767578
1233,1997.0,3.0,49.97545623779297
1234,1997.0,3.0,50.10793685913086
1235,1994.0,6.0,50.70823669433594
1236,1995.0,5.0,51.8240966796875
1237,1995.0,5.0,52.939483642578125
1238,1995.0,5.0,53.236270904541016
1239,1993.0,7.0,52.602272033691406
1240,1994.0,6.0,51.6005859375
1241,1996.0,4.0,51.090511322021484
1242,1996.0,4.0,50.98012161254883
1243,1997.0,3.0,50.885108947753906
1244,1997.0,3.0,51.114524841308594
1245,1997.0,3.0,50.824440002441406
1246,1997.0,3.0,51.06593322753906
1247,1999.0,1.0,51.35296630859375
1248,1998.0,2.0,51.38246536254883
1249,1999.0,1.0,51.503963470458984
1250,1997.0,3.0,51.11827850341797
1251,1996.0,4.0,50.91189193725586
1252,1997.0,3.0,50.77099609375
1253,1997.0,3.0,50.62076950073242
1254,1997.0,3.0,50.35602569580078
1255,2000.0,0.0,50.27005386352539
1256,1999.0,1.0,50.603233337402344
1257,1986.0,14.0,51.00117111206055
1258,1998.0,2.0,50.591163635253906
1259,1999.0,1.0,50.46249771118164
1260,1999.0,1.0,50.12877655029297
1261,1999.0,1.0,49.79771041870117
1262,1999.0,1.0,49.3421630859375
1263,1999.0,1.0,49.204933166503906
1264,1999.0,1.0,49.47996520996094
1265,1997.0,3.0,49.9566650390625
1266,1997.0,3.0,50.31749725341797
1267,1999.0,1.0,50.365928649902344
1268,1999.0,1.0,50.22343444824219
1269,1999.0,1.0,49.88134002685547
1270,1999.0,1.0,49.646400451660156
1271,1999.0,1.0,49.235774993896484
1272,1999.0,1.0,48.97905731201172
1273,1999.0,1.0,48.93396759033203
1274,1999.0,1.0,48.993431091308594
1275,1999.0,1.0,49.08867263793945
1276,2000.0,0.0,49.23103713989258
1277,1999.0,1.0,49.327178955078125
1278,2000.0,0.0,49.344451904296875
1279,2000.0,0.0,49.21965026855469
1280,2000.0,0.0,48.9002685546875
1281,2000.0,0.0,48.49565124511719
1282,2000.0,0.0,48.24766540527344
1283,2000.0,0.0,48.23080062866211
1284,2000.0,0.0,48.43397521972656
1285,1999.0,1.0,48.59423828125
1286,1999.0,1.0,48.66166305541992
1287,1999.0,1.0,48.59042739868164
1288,1999.0,1.0,48.422542572021484
1289,1999.0,1.0,48.15203857421875
1290,2000.0,0.0,47.911102294921875
1291,2000.0,0.0,47.78617858886719
1292,2000.0,0.0,47.76857376098633
1293,2000.0,0.0,47.798187255859375
1294,2000.0,0.0,47.79539108276367
1295,2000.0,0.0,47.71657180786133
1296,2000.0,0.0,47.62540054321289
1297,2000.0,0.0,47.58916473388672
1298,2000.0,0.0,47.553009033203125
1299,2000.0,0.0,47.43883514404297
1300,1999.0,1.0,47.3243408203125
1301,1999.0,1.0,47.26583480834961
1302,2000.0,0.0,47.152061462402344
1303,2000.0,0.0,47.02955627441406
1304,2000.0,0.0,46.939697265625
1305,2000.0,0.0,46.881813049316406
1306,2000.0,0.0,46.8302116394043
1307,2000.0,0.0,46.774147033691406
1308,2000.0,0.0,46.706417083740234
1309,2000.0,0.0,46.63231658935547
1310,2000.0,0.0,46.629547119140625
1311,2000.0,0.0,46.506500244140625
1312,2000.0,0.0,46.37928009033203
1313,2000.0,0.0,46.3516960144043
1314,2000.0,0.0,46.350677490234375
1315,2000.0,0.0,46.19607162475586
1316,2000.0,0.0,46.13490295410156
1317,2000.0,0.0,46.056671142578125
1318,2000.0,0.0,45.945011138916016
1319,2000.0,0.0,45.834442138671875
1320,2000.0,0.0,45.75849151611328
1321,2000.0,0.0,45.70272445678711
1322,2000.0,0.0,45.66905975341797
1323,2000.0,0.0,45.72854995727539
1324,2000.0,0.0,45.52497100830078
1325,2000.0,0.0,45.48893356323242
1326,2000.0,0.0,45.4534797668457
1327,2000.0,0.0,45.509090423583984
1328,2000.0,0.0,45.215370178222656
1329,2000.0,0.0,45.10922622680664
1330,2000.0,0.0,45.04616928100586
1331,2000.0,0.0,44.99346923828125
1332,2000.0,0.0,44.9383544921875
1333,2000.0,0.0,44.89105224609375
1334,2000.0,0.0,44.85346221923828
1335,2000.0,0.0,44.83347702026367
1336,2000.0,0.0,44.94905090332031
1337,2000.0,0.0,44.671443939208984
1338,2000.0,0.0,44.579647064208984
1339,2000.0,0.0,44.61140441894531
1340,2000.0,0.0,44.31565856933594
1341,2000.0,0.0,44.24391555786133
1342,2000.0,0.0,44.21164321899414
1343,2000.0,0.0,44.191864013671875
1344,2000.0,0.0,44.15972137451172
1345,2000.0,0.0,44.10371398925781
1346,2000.0,0.0,44.03919982910156
1347,2000.0,0.0,44.01968765258789
1348,2000.0,0.0,44.11029815673828
1349,2000.0,0.0,43.80141067504883
1350,2000.0,0.0,43.71709442138672
1351,2000.0,0.0,43.75856399536133
1352,2000.0,0.0,43.60048294067383
1353,2000.0,0.0,43.48616027832031
1354,2000.0,0.0,43.439674377441406
1355,2000.0,0.0,43.40534973144531
1356,2000.0,0.0,43.367733001708984
1357,2000.0,0.0,43.314735412597656
1358,2000.0,0.0,43.24170684814453
1359,2000.0,0.0,43.15894317626953
1360,2000.0,0.0,43.273338317871094
1361,2000.0,0.0,42.9742431640625
1362,2000.0,0.0,42.91485595703125
1363,2000.0,0.0,42.94517135620117
1364,2000.0,0.0,42.95411682128906
1365,2000.0,0.0,42.780555725097656
1366,2000.0,0.0,42.70857238769531
1367,2000.0,0.0,42.649837493896484
1368,2000.0,0.0,42.58561706542969
1369,2000.0,0.0,42.50963592529297
1370,2000.0,0.0,42.425025939941406
1371,2000.0,0.0,42.34593200683594
1372,2000.0,0.0,42.304691314697266
1373,2000.0,0.0,42.42414093017578
1374,2000.0,0.0,42.199562072753906
1375,2000.0,0.0,42.198368072509766
1376,2000.0,0.0,42.218109130859375
1377,2000.0,0.0,42.04133605957031
1378,2000.0,0.0,41.96247100830078
1379,2000.0,0.0,41.89818572998047
1380,2000.0,0.0,41.833309173583984
1381,2000.0,0.0,41.76594161987305
1382,2000.0,0.0,41.69651794433594
1383,2000.0,0.0,41.63578796386719
1384,2000.0,0.0,41.655845642089844
1385,2000.0,0.0,41.70189666748047
1386,2000.0,0.0,41.48727798461914
1387,2000.0,0.0,41.5013542175293
1388,2000.0,0.0,41.47837448120117
1389,2000.0,0.0,41.317691802978516
1390,2000.0,0.0,41.23776626586914
1391,2000.0,0.0,41.17825698852539
1392,2000.0,0.0,41.12607955932617
1393,2000.0,0.0,41.07830810546875
1394,2000.0,0.0,41.02946853637695
1395,2000.0,0.0,40.97305679321289
1396,2000.0,0.0,40.91926193237305
1397,2000.0,0.0,41.06150817871094
1398,2000.0,0.0,40.80192184448242
1399,2000.0,0.0,40.816070556640625
1400,2000.0,0.0,40.69879150390625
1401,2000.0,0.0,40.5830078125
1402,2000.0,0.0,40.525672912597656
1403,2000.0,0.0,40.4957275390625
1404,2000.0,0.0,40.47524642944336
1405,2000.0,0.0,40.44688415527344
1406,2000.0,0.0,40.39544677734375
1407,2000.0,0.0,40.31830978393555
1408,2000.0,0.0,40.23180389404297
1409,2000.0,0.0,40.179359436035156
1410,2000.0,0.0,40.409149169921875
1411,2000.0,0.0,40.09882354736328
1412,2000.0,0.0,39.994319915771484
1413,2000.0,0.0,39.94017791748047
1414,2000.0,0.0,39.90330505371094
1415,2000.0,0.0,39.86724853515625
1416,2000.0,0.0,39.82713317871094
1417,2000.0,0.0,39.77839279174805
1418,2000.0,0.0,39.72237777709961
1419,2000.0,0.0,39.66575622558594
1420,2000.0,0.0,39.62173843383789
1421,2000.0,0.0,39.60310745239258
1422,2000.0,0.0,39.541141510009766
1423,2000.0,0.0,39.47224044799805
1424,2000.0,0.0,39.37702560424805
1425,2000.0,0.0,39.28169631958008
1426,2000.0,0.0,39.214603424072266
1427,2000.0,0.0,39.15541076660156
1428,2000.0,0.0,39.115821838378906
1429,2000.0,0.0,39.0987548828125
1430,2000.0,0.0,39.106651306152344
1431,2000.0,0.0,39.13774108886719
1432,2000.0,0.0,39.142818450927734
1433,2000.0,0.0,39.0500373840332
1434,2000.0,0.0,38.92060089111328
1435,2000.0,0.0,38.80567932128906
1436,2000.0,0.0,38.72980499267578
1437,2000.0,0.0,38.72978973388672
1438,2000.0,0.0,38.62979507446289
1439,2000.0,0.0,38.615543365478516
1440,2000.0,0.0,38.61481857299805
1441,2000.0,0.0,38.61989212036133
1442,2000.0,0.0,38.614768981933594
1443,2000.0,0.0,38.561309814453125
1444,2000.0,0.0,38.47496032714844
1445,2000.0,0.0,38.386871337890625
1446,2000.0,0.0,38.303192138671875
1447,2000.0,0.0,38.228172302246094
1448,2000.0,0.0,38.16864013671875
1449,2000.0,0.0,38.132118225097656
1450,2000.0,0.0,38.168643951416016
1451,2000.0,0.0,38.09975051879883
1452,2000.0,0.0,38.08823013305664
1453,2000.0,0.0,38.06904220581055
1454,2000.0,0.0,38.032249450683594
1455,2000.0,0.0,37.98448944091797
1456,2000.0,0.0,37.923057556152344
1457,2000.0,0.0,37.849395751953125
1458,2000.0,0.0,37.77329635620117
1459,2000.0,0.0,37.7061882019043
1460,2000.0,0.0,37.65568161010742
1461,2000.0,0.0,37.62635803222656
1462,2000.0,0.0,37.63498306274414
1463,2000.0,0.0,37.65693283081055
1464,2000.0,0.0,37.566917419433594
1465,2000.0,0.0,37.51020431518555
1466,2000.0,0.0,37.464176177978516
1467,2000.0,0.0,37.415714263916016
1468,2000.0,0.0,37.36637878417969
1469,2000.0,0.0,37.32012176513672
1470,2000.0,0.0,37.27964782714844
1471,2000.0,0.0,37.24341583251953
1472,2000.0,0.0,37.204620361328125
1473,2000.0,0.0,37.164451599121094
1474,2000.0,0.0,37.144500732421875
1475,2000.0,0.0,37.109764099121094
1476,2000.0,0.0,37.0146369934082
1477,2000.0,0.0,36.96211624145508
1478,2000.0,0.0,36.93098068237305
1479,2000.0,0.0,36.908111572265625
1480,2000.0,0.0,36.88671875
1481,2000.0,0.0,36.859275817871094
1482,2000.0,0.0,36.81865310668945
1483,2000.0,0.0,36.7650146484375
1484,2000.0,0.0,36.708656311035156
1485,2000.0,0.0,36.669578552246094
1486,2000.0,0.0,36.662628173828125
1487,2000.0,0.0,36.58076477050781
1488,2000.0,0.0,36.51662063598633
1489,2000.0,0.0,36.48440933227539
1490,2000.0,0.0,36.46218490600586
1491,2000.0,0.0,36.440086364746094
1492,2000.0,0.0,36.41143798828125
1493,2000.0,0.0,36.37423324584961
1494,2000.0,0.0,36.330440521240234
1495,2000.0,0.0,36.284019470214844
1496,2000.0,0.0,36.244590759277344
1497,2000.0,0.0,36.23303985595703
1498,2000.0,0.0,36.191864013671875
1499,2000.0,0.0,36.10383224487305
1500,2000.0,0.0,36.059059143066406
1501,2000.0,0.0,36.029449462890625
1502,2000.0,0.0,36.003509521484375
1503,2000.0,0.0,35.97749328613281
1504,2000.0,0.0,35.94824981689453
1505,2000.0,0.0,35.91292190551758
1506,2000.0,0.0,35.87206268310547
1507,2000.0,0.0,35.832550048828125
1508,2000.0,0.0,35.815223693847656
1509,2000.0,0.0,35.81209182739258
1510,2000.0,0.0,35.71656036376953
1511,2000.0,0.0,35.6602783203125
1512,2000.0,0.0,35.6234130859375
1513,2000.0,0.0,35.59222412109375
1514,2000.0,0.0,35.56409454345703
1515,2000.0,0.0,35.536399841308594
1516,2000.0,0.0,35.50609588623047
1517,2000.0,0.0,35.47212219238281
1518,2000.0,0.0,35.437408447265625
1519,2000.0,0.0,35.41424560546875
1520,2000.0,0.0,35.421974182128906
1521,2000.0,0.0,35.35706329345703
1522,2000.0,0.0,35.281307220458984
1523,2000.0,0.0,35.23652648925781
1524,2000.0,0.0,35.20164489746094
1525,2000.0,0.0,35.17152404785156
1526,2000.0,0.0,35.14453125
1527,2000.0,0.0,35.118839263916016
1528,2000.0,0.0,35.09233856201172
1529,2000.0,0.0,35.06416702270508
1530,2000.0,0.0,35.038848876953125
1531,2000.0,0.0,35.034873962402344
1532,2000.0,0.0,35.012882232666016
1533,2000.0,0.0,34.91715621948242
1534,2000.0,0.0,34.86333465576172
1535,2000.0,0.0,34.826812744140625
1536,2000.0,0.0,34.79804992675781
1537,2000.0,0.0,34.774723052978516
1538,2000.0,0.0,34.754234313964844
1539,2000.0,0.0,34.732826232910156
1540,2000.0,0.0,34.70722961425781
1541,2000.0,0.0,34.67906951904297
1542,2000.0,0.0,34.66447830200195
1543,2000.0,0.0,34.66706848144531
1544,2000.0,0.0,34.57188034057617
1545,2000.0,0.0,34.509429931640625
1546,2000.0,0.0,34.47224807739258
1547,2000.0,0.0,34.444549560546875
1548,2000.0,0.0,34.42269515991211
1549,2000.0,0.0,34.404052734375
1550,2000.0,0.0,34.38499450683594
1551,2000.0,0.0,34.36170196533203
1552,2000.0,0.0,34.33380889892578
1553,2000.0,0.0,34.31144714355469
1554,2000.0,0.0,34.31510543823242
1555,2000.0,0.0,34.25666809082031
1556,2000.0,0.0,34.1769905090332
1557,2000.0,0.0,34.134639739990234
1558,2000.0,0.0,34.10623550415039
1559,2000.0,0.0,34.08479309082031
1560,2000.0,0.0,34.067283630371094
1561,2000.0,0.0,34.05015563964844
1562,2000.0,0.0,34.029518127441406
1563,2000.0,0.0,34.003875732421875
1564,2000.0,0.0,33.978843688964844
1565,2000.0,0.0,33.97465515136719
1566,2000.0,0.0,33.95978927612305
1567,2000.0,0.0,33.865089416503906
1568,2000.0,0.0,33.814579010009766
1569,2000.0,0.0,33.783287048339844
1570,2000.0,0.0,33.76049041748047
1571,2000.0,0.0,33.74327850341797
1572,2000.0,0.0,33.72816467285156
1573,2000.0,0.0,33.71084976196289
1574,2000.0,0.0,33.688453674316406
1575,2000.0,0.0,33.66307067871094
1576,2000.0,0.0,33.649803161621094
1577,2000.0,0.0,33.65932846069336
1578,2000.0,0.0,33.57557678222656
1579,2000.0,0.0,33.51237487792969
1580,2000.0,0.0,33.476715087890625
1581,2000.0,0.0,33.45194625854492
1582,2000.0,0.0,33.433921813964844
1583,2000.0,0.0,33.41941833496094
1584,2000.0,0.0,33.404502868652344
1585,2000.0,0.0,33.38575744628906
1586,2000.0,0.0,33.36296844482422
1587,2000.0,0.0,33.344261169433594
1588,2000.0,0.0,33.34969711303711
1589,2000.0,0.0,33.31040954589844
1590,2000.0,0.0,33.22898483276367
1591,2000.0,0.0,33.18605041503906
1592,2000.0,0.0,33.15834045410156
1593,2000.0,0.0,33.138458251953125
1594,2000.0,0.0,33.123695373535156
1595,2000.0,0.0,33.11077117919922
1596,2000.0,0.0,33.09597396850586
1597,2000.0,0.0,33.0770378112793
1598,2000.0,0.0,33.05770492553711
1599,2000.0,0.0,33.056129455566406
1600,2000.0,0.0,33.05256652832031
1601,2000.0,0.0,32.961524963378906
1602,2000.0,0.0,32.90997314453125
1603,2000.0,0.0,32.87921142578125
1604,2000.0,0.0,32.85747146606445
1605,2000.0,0.0,32.84220886230469
1606,2000.0,0.0,32.83074188232422
1607,2000.0,0.0,32.81914520263672
1608,2000.0,0.0,32.80369567871094
1609,2000.0,0.0,32.78504180908203
1610,2000.0,0.0,32.776119232177734
1611,2000.0,0.0,32.78693771362305
1612,2000.0,0.0,32.71512985229492
1613,2000.0,0.0,32.64988708496094
1614,2000.0,0.0,32.61433792114258
1615,2000.0,0.0,32.59101104736328
1616,2000.0,0.0,32.575439453125
1617,2000.0,0.0,32.5649299621582
1618,2000.0,0.0,32.55546188354492
1619,2000.0,0.0,32.5427131652832
1620,2000.0,0.0,32.525657653808594
1621,2000.0,0.0,32.5123291015625
1622,2000.0,0.0,32.5183219909668
1623,2000.0,0.0,32.48444366455078
1624,2000.0,0.0,32.407691955566406
1625,2000.0,0.0,32.364952087402344
1626,2000.0,0.0,32.33946990966797
1627,2000.0,0.0,32.32304382324219
1628,2000.0,0.0,32.3125
1629,2000.0,0.0,32.30388641357422
1630,2000.0,0.0,32.293148040771484
1631,2000.0,0.0,32.278778076171875
1632,2000.0,0.0,32.26704025268555
1633,2000.0,0.0,32.26978302001953
1634,2000.0,0.0,32.23816680908203
1635,2000.0,0.0,32.17509078979492
1636,2000.0,0.0,32.13112258911133
1637,2000.0,0.0,32.102874755859375
1638,2000.0,0.0,32.084869384765625
1639,2000.0,0.0,32.07374572753906
1640,2000.0,0.0,32.06637191772461
1641,2000.0,0.0,32.06010437011719
1642,2000.0,0.0,32.05496597290039
1643,2000.0,0.0,32.05378341674805
1644,2000.0,0.0,32.0385856628418
1645,2000.0,0.0,31.987564086914062
1646,2000.0,0.0,31.938804626464844
1647,2000.0,0.0,31.902565002441406
1648,2000.0,0.0,31.876178741455078
1649,2000.0,0.0,31.85853385925293
1650,2000.0,0.0,31.848546981811523
1651,2000.0,0.0,31.844629287719727
1652,2000.0,0.0,31.845687866210938
1653,2000.0,0.0,31.84865951538086
1654,2000.0,0.0,31.836776733398438
1655,2000.0,0.0,31.799238204956055
1656,2000.0,0.0,31.7557315826416
1657,2000.0,0.0,31.71762466430664
1658,2000.0,0.0,31.686351776123047
1659,2000.0,0.0,31.662700653076172
1660,2000.0,0.0,31.647701263427734
1661,2000.0,0.0,31.641420364379883
1662,2000.0,0.0,31.64263916015625
1663,2000.0,0.0,31.645601272583008
1664,2000.0,0.0,31.636028289794922
1665,2000.0,0.0,31.608272552490234
1666,2000.0,0.0,31.574106216430664
1667,2000.0,0.0,31.540634155273438
1668,2000.0,0.0,31.50994110107422
1669,2000.0,0.0,31.484050750732422
1670,2000.0,0.0,31.465059280395508
1671,2000.0,0.0,31.454484939575195
1672,2000.0,0.0,31.451452255249023
1673,2000.0,0.0,31.44968032836914
1674,2000.0,0.0,31.43896484375
1675,2000.0,0.0,31.41813850402832
1676,2000.0,0.0,31.39327621459961
1677,2000.0,0.0,31.36725425720215
1678,2000.0,0.0,31.341196060180664
1679,2000.0,0.0,31.316940307617188
1680,2000.0,0.0,31.29686737060547
1681,2000.0,0.0,31.282833099365234
1682,2000.0,0.0,31.27400016784668
1683,2000.0,0.0,31.265249252319336
1684,2000.0,0.0,31.251625061035156
1685,2000.0,0.0,31.23426628112793
1686,2000.0,0.0,31.21573257446289
1687,2000.0,0.0,31.196367263793945
1688,2000.0,0.0,31.176189422607422
1689,2000.0,0.0,31.15609359741211
1690,2000.0,0.0,31.137786865234375
1691,2000.0,0.0,31.122360229492188
1692,2000.0,0.0,31.10881805419922
1693,2000.0,0.0,31.09422492980957
1694,2000.0,0.0,31.077682495117188
1695,2000.0,0.0,31.061044692993164
1696,2000.0,0.0,31.04538345336914
1697,2000.0,0.0,31.030179977416992
1698,2000.0,0.0,31.014814376831055
1699,2000.0,0.0,30.999267578125
1700,2000.0,0.0,30.98397445678711
1701,2000.0,0.0,30.968935012817383
1702,2000.0,0.0,30.95303726196289
1703,2000.0,0.0,30.93540382385254
1704,2000.0,0.0,30.91716194152832
1705,2000.0,0.0,30.900211334228516
1706,2000.0,0.0,30.885204315185547
1707,2000.0,0.0,30.87173843383789
1708,2000.0,0.0,30.859132766723633
1709,2000.0,0.0,30.846818923950195
1710,2000.0,0.0,30.834239959716797
1711,2000.0,0.0,30.820423126220703
1712,2000.0,0.0,30.80438232421875
1713,2000.0,0.0,30.786367416381836
1714,2000.0,0.0,30.768047332763672
1715,2000.0,0.0,30.75104331970215
1716,2000.0,0.0,30.73602294921875
1717,2000.0,0.0,30.72293472290039
1718,2000.0,0.0,30.711332321166992
1719,2000.0,0.0,30.700531005859375
1720,2000.0,0.0,30.689430236816406
1721,2000.0,0.0,30.676740646362305
1722,2000.0,0.0,30.66175651550293
1723,2000.0,0.0,30.64504051208496
1724,2000.0,0.0,30.62799072265625
1725,2000.0,0.0,30.611787796020508
1726,2000.0,0.0,30.59708023071289
1727,2000.0,0.0,30.584062576293945
1728,2000.0,0.0,30.57254409790039
1729,2000.0,0.0,30.561912536621094
1730,2000.0,0.0,30.55109977722168
1731,2000.0,0.0,30.539060592651367
1732,2000.0,0.0,30.525379180908203
1733,2000.0,0.0,30.51053810119629
1734,2000.0,0.0,30.49539566040039
1735,2000.0,0.0,30.48069190979004
1736,2000.0,0.0,30.466890335083008
1737,2000.0,0.0,30.454225540161133
1738,2000.0,0.0,30.442628860473633
1739,2000.0,0.0,30.431657791137695
1740,2000.0,0.0,30.420576095581055
1741,2000.0,0.0,30.408769607543945
1742,2000.0,0.0,30.3961124420166
1743,2000.0,0.0,30.382949829101562
1744,2000.0,0.0,30.369693756103516
1745,2000.0,0.0,30.3566951751709
1746,2000.0,0.0,30.34417724609375
1747,2000.0,0.0,30.332258224487305
1748,2000.0,0.0,30.320842742919922
1749,2000.0,0.0,30.309650421142578
1750,2000.0,0.0,30.298295974731445
1751,2000.0,0.0,30.286598205566406
1752,2000.0,0.0,30.274675369262695
1753,2000.0,0.0,30.26275634765625
1754,2000.0,0.0,30.251014709472656
1755,2000.0,0.0,30.239561080932617
1756,2000.0,0.0,30.228374481201172
1757,2000.0,0.0,30.217405319213867
1758,2000.0,0.0,30.206470489501953
1759,2000.0,0.0,30.195404052734375
1760,2000.0,0.0,30.18408966064453
1761,2000.0,0.0,30.17264175415039
1762,2000.0,0.0,30.161296844482422
1763,2000.0,0.0,30.150279998779297
1764,2000.0,0.0,30.13966178894043
1765,2000.0,0.0,30.12940788269043
1766,2000.0,0.0,30.119361877441406
1767,2000.0,0.0,30.109338760375977
1768,2000.0,0.0,30.099088668823242
1769,2000.0,0.0,30.0885009765625
1770,2000.0,0.0,30.077621459960938
1771,2000.0,0.0,30.066659927368164
1772,2000.0,0.0,30.055925369262695
1773,2000.0,0.0,30.045629501342773
1774,2000.0,0.0,30.035816192626953
1775,2000.0,0.0,30.02642822265625
1776,2000.0,0.0,30.017263412475586
1777,2000.0,0.0,30.008045196533203
1778,2000.0,0.0,29.998554229736328
1779,2000.0,0.0,29.988693237304688
1780,2000.0,0.0,29.978534698486328
1781,2000.0,0.0,29.968320846557617
1782,2000.0,0.0,29.958311080932617
1783,2000.0,0.0,29.948707580566406
1784,2000.0,0.0,29.939559936523438
1785,2000.0,0.0,29.93079948425293
1786,2000.0,0.0,29.92226219177246
1787,2000.0,0.0,29.9136962890625
1788,2000.0,0.0,29.904926300048828
1789,2000.0,0.0,29.895851135253906
1790,2000.0,0.0,29.886573791503906
1791,2000.0,0.0,29.877260208129883
1792,2000.0,0.0,29.86810302734375
1793,2000.0,0.0,29.859256744384766
1794,2000.0,0.0,29.850753784179688
1795,2000.0,0.0,29.842565536499023
1796,2000.0,0.0,29.834545135498047
1797,2000.0,0.0,29.826515197753906
1798,2000.0,0.0,29.818378448486328
1799,2000.0,0.0,29.810077667236328
1800,2000.0,0.0,29.801685333251953
1801,2000.0,0.0,29.793312072753906
1802,2000.0,0.0,29.785070419311523
1803,2000.0,0.0,29.777040481567383
1804,2000.0,0.0,29.769237518310547
1805,2000.0,0.0,29.761615753173828
1806,2000.0,0.0,29.754098892211914
1807,2000.0,0.0,29.746593475341797
1808,2000.0,0.0,29.739055633544922
1809,2000.0,0.0,29.731475830078125
1810,2000.0,0.0,29.723915100097656
1811,2000.0,0.0,29.71645736694336
1812,2000.0,0.0,29.709110260009766
1813,2000.0,0.0,29.701923370361328
1814,2000.0,0.0,29.69485855102539
1815,2000.0,0.0,29.687877655029297
1816,2000.0,0.0,29.680919647216797
1817,2000.0,0.0,29.673973083496094
1818,2000.0,0.0,29.667034149169922
1819,2000.0,0.0,29.66015625
1820,2000.0,0.0,29.653377532958984
1821,2000.0,0.0,29.646728515625
1822,2000.0,0.0,29.640228271484375
1823,2000.0,0.0,29.633848190307617
1824,2000.0,0.0,29.627532958984375
1825,2000.0,0.0,29.621257781982422
1826,2000.0,0.0,29.61496353149414
1827,2000.0,0.0,29.608661651611328
1828,2000.0,0.0,29.602386474609375
1829,2000.0,0.0,29.596200942993164
1830,2000.0,0.0,29.59014129638672
1831,2000.0,0.0,29.584251403808594
1832,2000.0,0.0,29.57851219177246
1833,2000.0,0.0,29.5728816986084
1834,2000.0,0.0,29.56731414794922
1835,2000.0,0.0,29.561767578125
1836,2000.0,0.0,29.556194305419922
1837,2000.0,0.0,29.550607681274414
1838,2000.0,0.0,29.54507064819336
1839,2000.0,0.0,29.53961944580078
1840,2000.0,0.0,29.5343074798584
1841,2000.0,0.0,29.52914047241211
1842,2000.0,0.0,29.524127960205078
1843,2000.0,0.0,29.51921844482422
1844,2000.0,0.0,29.514360427856445
1845,2000.0,0.0,29.509521484375
1846,2000.0,0.0,29.50469970703125
1847,2000.0,0.0,29.49988555908203
1848,2000.0,0.0,29.495113372802734
1849,2000.0,0.0,29.490442276000977
1850,2000.0,0.0,29.485891342163086
1851,2000.0,0.0,29.481487274169922
1852,2000.0,0.0,29.477190017700195
1853,2000.0,0.0,29.472997665405273
1854,2000.0,0.0,29.468852996826172
1855,2000.0,0.0,29.464754104614258
1856,2000.0,0.0,29.46068000793457
1857,2000.0,0.0,29.456642150878906
1858,2000.0,0.0,29.45267105102539
1859,2000.0,0.0,29.44880485534668
1860,2000.0,0.0,29.445035934448242
1861,2000.0,0.0,29.441402435302734
1862,2000.0,0.0,29.437849044799805
1863,2000.0,0.0,29.434389114379883
1864,2000.0,0.0,29.430994033813477
1865,2000.0,0.0,29.427642822265625
1866,2000.0,0.0,29.424352645874023
1867,2000.0,0.0,29.421119689941406
1868,2000.0,0.0,29.41797637939453
1869,2000.0,0.0,29.41492462158203
1870,2000.0,0.0,29.411975860595703
1871,2000.0,0.0,29.40912628173828
1872,2000.0,0.0,29.40636444091797
1873,2000.0,0.0,29.403675079345703
1874,2000.0,0.0,29.401046752929688
1875,2000.0,0.0,29.39849281311035
1876,2000.0,0.0,29.396005630493164
1877,2000.0,0.0,29.393611907958984
1878,2000.0,0.0,29.391315460205078
1879,2000.0,0.0,29.389116287231445
1880,2000.0,0.0,29.387027740478516
1881,2000.0,0.0,29.385013580322266
1882,2000.0,0.0,29.3830623626709
1883,2000.0,0.0,29.381210327148438
1884,2000.0,0.0,29.379404067993164
1885,2000.0,0.0,29.37767791748047
1886,2000.0,0.0,29.37605857849121
1887,2000.0,0.0,29.374534606933594
1888,2000.0,0.0,29.37312126159668
1889,2000.0,0.0,29.371824264526367
1890,2000.0,0.0,29.370615005493164
1891,2000.0,0.0,29.36949920654297
1892,2000.0,0.0,29.36846160888672
1893,2000.0,0.0,29.36748695373535
1894,2000.0,0.0,29.3665828704834
1895,2000.0,0.0,29.365772247314453
1896,2000.0,0.0,29.36505889892578
1897,2000.0,0.0,29.364469528198242
1898,2000.0,0.0,29.363990783691406
1899,2000.0,0.0,29.3636417388916
1900,2000.0,0.0,29.363391876220703
1901,2000.0,0.0,29.363239288330078
1902,2000.0,0.0,29.363174438476562
1903,2000.0,0.0,29.36318588256836
1904,2000.0,0.0,29.3632869720459
1905,2000.0,0.0,29.363475799560547
1906,2000.0,0.0,29.363788604736328
1907,2000.0,0.0,29.364219665527344
1908,2000.0,0.0,29.36478042602539
1909,2000.0,0.0,29.365455627441406
1910,2000.0,0.0,29.36625862121582
1911,2000.0,0.0,29.367162704467773
1912,2000.0,0.0,29.368165969848633
1913,2000.0,0.0,29.369277954101562
1914,2000.0,0.0,29.37049674987793
1915,2000.0,0.0,29.371826171875
1916,2000.0,0.0,29.373275756835938
1917,2000.0,0.0,29.374866485595703
1918,2000.0,0.0,29.376585006713867
1919,2000.0,0.0,29.378446578979492
1920,2000.0,0.0,29.380428314208984
1921,2000.0,0.0,29.38254165649414
1922,2000.0,0.0,29.384775161743164
1923,2000.0,0.0,29.387136459350586
1924,2000.0,0.0,29.389629364013672
1925,2000.0,0.0,29.39225959777832
1926,2000.0,0.0,29.395034790039062
1927,2000.0,0.0,29.397960662841797
1928,2000.0,0.0,29.401033401489258
1929,2000.0,0.0,29.40425682067871
1930,2000.0,0.0,29.407636642456055
1931,2000.0,0.0,29.41116714477539
1932,2000.0,0.0,29.414844512939453
1933,2000.0,0.0,29.418672561645508
1934,2000.0,0.0,29.42267417907715
1935,2000.0,0.0,29.42683982849121
1936,2000.0,0.0,29.431177139282227
1937,2000.0,0.0,29.43569564819336
1938,2000.0,0.0,29.44039535522461
1939,2000.0,0.0,29.44527244567871
1940,2000.0,0.0,29.450328826904297
1941,2000.0,0.0,29.455564498901367
1942,2000.0,0.0,29.46098518371582
1943,2000.0,0.0,29.466602325439453
1944,2000.0,0.0,29.472423553466797
1945,2000.0,0.0,29.47844696044922
1946,2000.0,0.0,29.48470687866211
1947,2000.0,0.0,29.491167068481445
1948,2000.0,0.0,29.497840881347656
1949,2000.0,0.0,29.504730224609375
1950,2000.0,0.0,29.511842727661133
1951,2000.0,0.0,29.519182205200195
1952,2000.0,0.0,29.526756286621094
1953,2000.0,0.0,29.534564971923828
1954,2000.0,0.0,29.542621612548828
1955,2000.0,0.0,29.55093002319336
1956,2000.0,0.0,29.559494018554688
1957,2000.0,0.0,29.568317413330078
1958,2000.0,0.0,29.577396392822266
1959,2000.0,0.0,29.586740493774414
1960,2000.0,0.0,29.596330642700195
1961,2000.0,0.0,29.60619354248047
1962,2000.0,0.0,29.616310119628906
1963,2000.0,0.0,29.626689910888672
1964,2000.0,0.0,29.637344360351562
1965,2000.0,0.0,29.64825439453125
1966,2000.0,0.0,29.659440994262695
1967,2000.0,0.0,29.67087745666504
1968,2000.0,0.0,29.68255615234375
1969,2000.0,0.0,29.694473266601562
1970,2000.0,0.0,29.706621170043945
1971,2000.0,0.0,29.718965530395508
1972,2000.0,0.0,29.73150634765625
1973,2000.0,0.0,29.74423599243164
1974,2000.0,0.0,29.757116317749023
1975,2000.0,0.0,29.7701416015625
1976,2000.0,0.0,29.783279418945312
1977,2000.0,0.0,29.796493530273438
1978,2000.0,0.0,29.809772491455078
1979,2000.0,0.0,29.823070526123047
1980,2000.0,0.0,29.83635902404785
1981,2000.0,0.0,29.849599838256836
1982,2000.0,0.0,29.862762451171875
1983,2000.0,0.0,29.875823974609375
1984,2000.0,0.0,29.888761520385742
1985,2000.0,0.0,29.901538848876953
1986,2000.0,0.0,29.914127349853516
1987,2000.0,0.0,29.926490783691406
1988,2000.0,0.0,29.938594818115234
1989,2000.0,0.0,29.950387954711914
1990,2000.0,0.0,29.96182632446289
1991,2000.0,0.0,29.972824096679688
1992,2000.0,0.0,29.983272552490234
1993,2000.0,0.0,29.99304962158203
1994,2000.0,0.0,30.001989364624023
1995,2000.0,0.0,30.0098934173584
1996,2000.0,0.0,30.01649284362793
1997,2000.0,0.0,30.021530151367188
1998,2000.0,0.0,30.024715423583984
1999,2000.0,0.0,30.02576446533203
2000,2000.0,0.0,30.024444580078125
